date,energy_mu
2013-01-02,65.0
2013-03-31,56.1
2013-04-01,61.0
2013-04-02,62.1
2013-04-03,62.0
2013-04-04,63.0
2013-04-05,64.6
2013-04-06,62.6
2013-04-07,60.1
2013-04-08,68.4
2013-04-09,69.9
2013-04-10,72.7
2013-04-11,74.7
2013-04-12,73.1
2013-04-13,67.5
2013-04-14,68.6
2013-04-15,75.3
2013-04-16,78.6
2013-04-17,78.4
2013-04-18,78.6
2013-04-19,76.3
2013-04-20,76.5
2013-04-21,71.1
2013-04-22,74.0
2013-04-23,77.1
2013-04-24,78.4
2013-04-25,83.4
2013-04-26,83.6
2013-04-27,79.2
2013-04-28,74.5
2013-04-29,81.6
2013-04-30,86.1
2013-05-01,82.7
2013-05-02,83.5
2013-05-03,85.3
2013-05-04,83.3
2013-05-05,80.8
2013-05-06,90.8
2013-05-07,92.1
2013-05-08,93.0
2013-05-09,94.8
2013-05-10,96.6
2013-05-11,88.3
2013-05-12,79.7
2013-05-13,86.9
2013-05-14,89.8
2013-05-15,92.2
2013-05-16,94.4
2013-05-17,95.5
2013-05-18,93.7
2013-05-19,92.6
2013-05-20,99.6
2013-05-21,101.3
2013-05-22,101.8
2013-05-23,104.9
2013-05-24,107.7
2013-05-25,105.3
2013-05-26,100.0
2013-05-27,108.4
2013-05-28,105.8
2013-05-29,104.5
2013-05-30,104.7
2013-05-31,104.7
2013-06-01,96.2
2013-06-02,89.1
2013-06-04,104.7
2013-06-05,109.2
2013-06-06,106.1
2013-06-07,104.4
2013-06-08,107.0
2013-06-09,103.0
2013-06-10,109.6
2013-06-11,103.8
2013-06-12,104.2
2013-06-13,97.8
2013-06-14,97.6
2013-06-15,89.3
2013-06-16,75.0
2013-06-17,76.1
2013-06-18,81.1
2013-06-19,86.5
2013-06-20,94.1
2013-06-21,103.3
2013-06-22,100.4
2013-06-23,102.9
2013-06-24,109.5
2013-06-25,105.2
2013-06-26,102.2
2013-06-27,104.1
2013-06-29,100.0
2013-06-30,96.6
2013-07-01,106.3
2013-07-02,110.3
2013-07-03,106.3
2013-07-04,108.2
2013-07-05,108.6
2013-07-06,103.1
2013-07-07,97.0
2013-07-08,101.7
2013-07-09,93.8
2013-07-10,93.0
2013-07-11,99.0
2013-07-12,97.9
2013-07-13,97.7
2013-07-14,96.0
2013-07-15,102.4
2013-07-16,103.7
2013-07-17,103.9
2013-07-18,104.0
2013-07-19,104.0
2013-07-20,85.9
2013-07-21,82.7
2013-07-22,92.4
2013-07-23,96.7
2013-07-24,100.2
2013-07-25,94.5
2013-07-26,95.0
2013-07-28,93.7
2013-07-29,102.6
2013-07-30,102.5
2013-07-31,96.9
2013-08-01,97.1
2013-08-02,102.1
2013-08-03,97.8
2013-08-04,94.4
2013-08-05,103.5
2013-08-06,94.0
2013-08-07,90.8
2013-08-08,89.9
2013-08-09,81.5
2013-08-10,82.4
2013-08-11,82.4
2013-08-12,97.3
2013-08-14,93.3
2013-08-15,73.4
2013-08-16,83.8
2013-08-17,81.6
2013-08-18,79.9
2013-08-19,86.3
2013-08-20,80.6
2013-08-21,86.1
2013-08-22,88.3
2013-08-23,92.8
2013-08-24,95.3
2013-08-25,93.1
2013-08-26,101.8
2013-08-27,104.4
2013-08-30,97.0
2013-08-31,91.8
2013-09-01,88.7
2013-09-02,97.7
2013-09-03,97.3
2013-09-04,97.1
2013-09-05,98.1
2013-09-06,98.0
2013-09-07,94.6
2013-09-08,89.8
2013-09-09,94.8
2013-09-10,96.8
2013-09-11,98.9
2013-09-12,101.4
2013-09-13,102.9
2013-09-15,94.4
2013-09-16,96.8
2013-09-17,93.9
2013-09-18,94.7
2013-09-19,96.8
2013-09-21,83.7
2013-09-22,78.8
2013-09-24,96.4
2013-09-25,94.0
2013-09-26,92.9
2013-09-27,92.0
2013-09-28,88.2
2013-09-29,84.1
2013-09-30,84.5
2013-10-01,86.3
2013-10-02,73.1
2013-10-03,83.8
2013-10-04,77.7
2013-10-05,76.9
2013-10-06,76.9
2013-10-07,85.9
2013-10-08,89.2
2013-10-09,90.3
2013-10-10,91.0
2013-10-11,76.2
2013-10-12,72.9
2013-10-13,66.5
2013-10-14,76.8
2013-10-16,75.8
2013-10-17,78.5
2013-10-18,79.6
2013-10-19,73.4
2013-10-20,66.8
2013-10-21,70.6
2013-10-22,70.1
2013-10-23,70.5
2013-10-24,71.0
2013-10-25,69.6
2013-10-26,64.7
2013-10-27,61.0
2013-10-28,64.6
2013-10-29,65.3
2013-10-30,63.4
2013-10-31,65.4
2013-11-01,66.2
2013-11-02,61.7
2013-11-03,53.7
2013-11-04,51.9
2013-11-05,55.1
2013-11-06,58.5
2013-11-07,59.8
2013-11-08,56.8
2013-11-09,56.1
2013-11-10,53.8
2013-11-11,57.1
2013-11-12,57.6
2013-11-13,57.9
2013-11-14,56.7
2013-11-15,57.8
2013-11-16,56.1
2013-11-17,54.3
2013-11-18,57.6
2013-11-19,58.1
2013-11-20,57.7
2013-11-21,57.3
2013-11-22,58.6
2013-11-23,56.2
2013-11-24,53.9
2013-11-25,56.9
2013-11-26,57.2
2013-11-27,57.3
2013-11-28,57.0
2013-11-29,58.6
2013-11-30,55.8
2013-12-01,53.4
2013-12-02,56.5
2013-12-03,58.0
2013-12-04,50.3
2013-12-05,57.1
2013-12-06,59.1
2013-12-07,56.3
2013-12-08,55.5
2013-12-09,57.4
2013-12-10,58.4
2013-12-11,58.6
2013-12-12,59.2
2013-12-13,59.8
2013-12-14,57.2
2013-12-15,55.3
2013-12-16,58.7
2013-12-17,58.1
2013-12-18,59.3
2013-12-19,60.0
2013-12-20,60.8
2013-12-21,58.3
2013-12-22,57.8
2013-12-23,61.7
2013-12-24,61.5
2013-12-25,60.8
2013-12-26,62.6
2013-12-27,64.6
2013-12-28,61.5
2013-12-29,59.5
2013-12-30,63.1
2013-12-31,65.2
2014-01-01,64.9
2014-01-02,65.0
2014-01-04,63.5
2014-01-05,61.8
2014-01-06,66.0
2014-01-07,67.2
2014-01-08,66.7
2014-01-09,67.4
2014-01-10,67.8
2014-01-11,65.8
2014-01-12,61.7
2014-01-13,65.4
2014-01-14,63.5
2014-01-15,67.6
2014-01-16,67.7
2014-01-17,69.4
2014-01-18,64.4
2014-01-19,62.9
2014-01-20,66.2
2014-01-21,67.8
2014-01-22,68.1
2014-01-23,65.6
2014-01-24,67.6
2014-01-25,66.0
2014-01-26,56.4
2014-01-27,62.4
2014-01-28,63.8
2014-01-29,63.1
2014-01-30,62.7
2014-01-31,65.5
2014-02-01,63.5
2014-02-02,59.9
2014-02-03,61.8
2014-02-04,61.6
2014-02-05,61.4
2014-02-06,60.8
2014-02-07,61.7
2014-02-08,59.7
2014-02-09,57.7
2014-02-10,61.8
2014-02-11,60.3
2014-02-12,61.6
2014-02-13,62.3
2014-02-14,62.2
2014-02-15,62.8
2014-02-16,60.1
2014-02-17,60.7
2014-02-18,62.7
2014-02-19,62.6
2014-02-20,61.1
2014-02-21,59.5
2014-02-22,59.9
2014-02-23,56.6
2014-02-24,59.9
2014-02-25,58.8
2014-02-26,58.9
2014-02-27,55.8
2014-02-28,58.9
2014-03-01,58.0
2014-03-02,54.6
2014-03-03,57.9
2014-03-04,58.5
2014-03-05,58.6
2014-03-06,58.1
2014-03-07,59.2
2014-03-08,55.9
2014-03-09,52.9
2014-03-10,56.7
2014-03-11,57.3
2014-03-12,57.6
2014-03-13,58.0
2014-03-14,58.8
2014-03-15,55.8
2014-03-16,51.0
2014-03-17,43.8
2014-03-18,52.3
2014-03-19,57.1
2014-03-20,57.7
2014-03-21,59.6
2014-03-22,58.4
2014-03-23,55.5
2014-03-24,58.1
2014-03-25,60.1
2014-03-26,61.5
2014-03-27,61.8
2014-03-28,61.4
2014-03-29,60.3
2014-03-30,59.0
2014-03-31,60.8
2014-04-01,62.3
2014-04-02,62.9
2014-04-03,64.2
2014-04-04,65.2
2014-04-05,63.3
2014-04-06,63.4
2014-04-07,69.1
2014-04-08,65.1
2014-04-09,66.8
2014-04-10,56.4
2014-04-11,67.4
2014-04-12,67.5
2014-04-13,64.1
2014-04-14,67.9
2014-04-15,73.2
2014-04-16,72.7
2014-04-17,72.7
2014-04-18,64.5
2014-04-19,65.7
2014-04-20,63.8
2014-04-21,70.7
2014-04-22,73.7
2014-04-23,75.6
2014-04-24,78.9
2014-04-25,80.9
2014-04-26,78.8
2014-04-27,76.3
2014-04-28,84.4
2014-04-30,90.7
2014-05-01,93.0
2014-05-02,96.2
2014-05-03,91.9
2014-05-04,86.8
2014-05-05,92.5
2014-05-06,91.9
2014-05-07,94.9
2014-05-08,94.2
2014-05-09,91.3
2014-05-10,87.7
2014-05-11,80.0
2014-05-12,87.2
2014-05-13,80.6
2014-05-14,75.5
2014-05-15,81.2
2014-05-16,86.6
2014-05-17,85.5
2014-05-18,82.0
2014-05-19,89.2
2014-05-20,91.8
2014-05-21,94.4
2014-05-22,97.2
2014-05-23,99.5
2014-05-24,93.0
2014-05-25,84.0
2014-05-26,90.1
2014-05-27,95.7
2014-05-28,99.9
2014-05-29,104.3
2014-05-30,90.8
2014-05-31,90.2
2014-06-01,87.6
2014-06-02,97.0
2014-06-03,101.5
2014-06-04,104.1
2014-06-05,107.7
2014-06-06,109.1
2014-06-07,107.3
2014-06-08,103.1
2014-06-09,111.5
2014-06-10,111.1
2014-06-11,113.4
2014-06-12,107.2
2014-06-13,96.4
2014-06-14,92.4
2014-06-15,90.7
2014-06-16,107.2
2014-06-17,114.4
2014-06-18,117.4
2014-06-19,113.2
2014-06-20,116.7
2014-06-21,112.6
2014-06-22,108.6
2014-06-23,107.7
2014-06-24,107.3
2014-06-25,105.3
2014-06-26,109.1
2014-06-27,110.9
2014-06-28,109.6
2014-06-29,104.7
2014-06-30,110.1
2014-07-01,110.5
2014-07-02,101.3
2014-07-03,99.2
2014-07-04,103.2
2014-07-05,106.1
2014-07-06,97.1
2014-07-07,107.9
2014-07-08,110.5
2014-07-09,114.4
2014-07-10,119.3
2014-07-11,121.6
2014-07-12,115.4
2014-07-13,111.0
2014-07-14,117.8
2014-07-15,121.4
2014-07-16,112.4
2014-07-17,111.9
2014-07-18,100.2
2014-07-19,97.9
2014-07-20,97.3
2014-07-21,107.2
2014-07-22,111.2
2014-07-23,107.4
2014-07-24,102.8
2014-07-25,100.3
2014-07-26,103.8
2014-07-27,99.7
2014-07-28,105.0
2014-07-29,95.9
2014-07-30,103.5
2014-07-31,108.0
2014-08-01,109.5
2014-08-02,108.4
2014-08-03,98.2
2014-08-04,104.7
2014-08-05,95.6
2014-08-06,105.8
2014-08-07,104.9
2014-08-08,104.9
2014-08-09,101.6
2014-08-10,88.8
2014-08-11,98.9
2014-08-12,106.3
2014-08-13,107.0
2014-08-14,106.0
2014-08-15,85.8
2014-08-16,95.7
2014-08-17,90.6
2014-08-18,99.4
2014-08-19,108.4
2014-08-20,110.7
2014-08-21,110.4
2014-08-22,110.7
2014-08-23,110.7
2014-08-24,107.5
2014-08-25,114.3
2014-08-26,115.0
2014-08-27,115.4
2014-08-28,109.9
2014-08-29,105.1
2014-08-30,98.8
2014-08-31,87.2
2014-09-01,93.6
2014-09-02,94.1
2014-09-03,92.3
2014-09-04,91.4
2014-09-05,87.0
2014-09-06,82.7
2014-09-07,85.1
2014-09-08,103.0
2014-09-09,122.0
2014-09-10,99.0
2014-09-11,92.1
2014-09-12,91.4
2014-09-13,89.1
2014-09-14,86.2
2014-09-15,91.7
2014-09-16,97.3
2014-09-17,100.3
2014-09-18,101.4
2014-09-19,101.7
2014-09-20,99.1
2014-09-21,92.6
2014-09-22,97.8
2014-09-23,96.0
2014-09-24,95.4
2014-09-25,97.3
2014-09-26,97.3
2014-09-27,85.9
2014-09-28,88.6
2014-09-29,87.8
2014-09-30,96.4
2014-10-01,95.9
2014-10-02,85.5
2014-10-03,83.5
2014-10-04,90.3
2014-10-05,89.6
2014-10-06,91.8
2014-10-07,97.7
2014-10-08,82.8
2014-10-09,87.3
2014-10-10,87.7
2014-10-11,80.6
2014-10-12,75.1
2014-10-13,81.7
2014-10-14,77.7
2014-10-15,73.8
2014-10-16,70.4
2014-10-17,70.2
2014-10-18,68.4
2014-10-19,62.1
2014-10-20,67.9
2014-10-21,69.9
2014-10-22,72.3
2014-10-23,62.1
2014-10-24,62.3
2014-10-25,64.2
2014-10-26,62.5
2014-10-27,68.1
2014-10-28,68.1
2014-10-29,60.0
2014-10-30,68.7
2014-10-31,66.5
2014-11-01,60.1
2014-11-02,56.2
2014-11-03,61.7
2014-11-04,59.7
2014-11-05,62.3
2014-11-06,60.8
2014-11-07,63.4
2014-11-08,61.5
2014-11-09,60.6
2014-11-10,62.3
2014-11-11,59.9
2014-11-12,59.2
2014-11-13,57.6
2014-11-14,59.6
2014-11-15,54.9
2014-11-16,54.8
2014-11-17,60.0
2014-11-18,58.0
2014-11-19,58.4
2014-11-20,58.5
2014-11-21,42.0
2014-11-22,57.1
2014-11-23,53.8
2014-11-24,58.3
2014-11-25,51.5
2014-11-26,58.6
2014-11-27,58.4
2014-11-28,59.9
2014-11-29,57.9
2014-11-30,55.1
2014-12-01,57.4
2014-12-02,57.6
2014-12-03,59.7
2014-12-04,58.6
2014-12-05,58.5
2014-12-06,55.9
2014-12-07,52.2
2014-12-08,57.4
2014-12-09,59.3
2014-12-10,59.3
2014-12-11,54.2
2014-12-12,58.7
2014-12-13,58.5
2014-12-14,54.6
2014-12-15,58.1
2014-12-16,59.6
2014-12-17,61.8
2014-12-18,63.4
2014-12-19,66.1
2014-12-20,64.0
2014-12-21,63.0
2014-12-22,67.8
2014-12-23,69.7
2014-12-24,70.4
2014-12-25,71.1
2014-12-26,75.1
2014-12-27,74.7
2014-12-28,69.5
2014-12-29,71.8
2014-12-30,68.9
2014-12-31,67.2
2015-01-01,67.6
2015-01-02,65.2
2015-01-03,64.6
2015-01-04,61.3
2015-01-05,65.4
2015-01-06,66.4
2015-01-07,69.7
2015-01-08,70.7
2015-01-09,65.2
2015-01-10,67.0
2015-01-11,64.7
2015-01-12,70.2
2015-01-13,70.3
2015-01-14,72.8
2015-01-15,70.4
2015-01-16,70.7
2015-01-17,66.1
2015-01-18,63.1
2015-01-19,66.9
2015-01-20,69.6
2015-01-21,69.5
2015-01-22,69.4
2015-01-23,68.7
2015-01-24,66.1
2015-01-25,61.5
2015-01-26,55.8
2015-01-27,66.1
2015-01-28,67.3
2015-01-29,67.6
2015-01-30,68.5
2015-01-31,64.3
2015-02-01,54.8
2015-02-02,62.5
2015-02-03,63.8
2015-02-04,65.0
2015-02-05,60.0
2015-02-06,64.5
2015-02-07,53.3
2015-02-08,56.9
2015-02-09,60.4
2015-02-10,57.1
2015-02-11,61.1
2015-02-12,60.8
2015-02-13,61.2
2015-02-14,58.0
2015-02-15,54.0
2015-02-16,58.5
2015-02-17,58.2
2015-02-18,57.5
2015-02-19,59.2
2015-02-20,60.7
2015-02-21,57.7
2015-02-22,56.1
2015-02-23,58.5
2015-02-24,59.7
2015-02-25,60.7
2015-02-26,58.8
2015-02-27,59.1
2015-02-28,56.7
2015-03-01,51.3
2015-03-02,54.9
2015-03-03,58.2
2015-03-04,56.0
2015-03-05,55.8
2015-03-06,44.3
2015-03-07,48.7
2015-03-08,51.1
2015-03-09,55.6
2015-03-10,56.5
2015-03-11,57.3
2015-03-12,57.2
2015-03-13,58.8
2015-03-14,55.7
2015-03-15,53.7
2015-03-16,56.6
2015-03-17,57.6
2015-03-18,57.5
2015-03-19,58.6
2015-03-21,58.1
2015-03-22,55.5
2015-03-23,61.0
2015-03-24,63.1
2015-03-25,66.7
2015-03-26,70.2
2015-03-27,69.1
2015-03-28,65.9
2015-03-29,61.8
2015-03-30,62.1
2015-03-31,64.4
2015-04-01,67.2
2015-04-02,66.7
2015-04-03,66.0
2015-04-04,60.7
2015-04-05,57.8
2015-04-07,65.0
2015-04-08,66.3
2015-04-09,67.7
2015-04-10,70.8
2015-04-11,70.1
2015-04-12,63.3
2015-04-13,68.0
2015-04-14,68.2
2015-04-15,72.8
2015-04-16,72.5
2015-04-17,75.4
2015-04-18,73.1
2015-04-19,73.1
2015-04-20,82.7
2015-04-21,84.6
2015-04-22,85.7
2015-04-23,86.0
2015-04-24,88.2
2015-04-25,85.3
2015-04-26,75.5
2015-04-27,84.1
2015-04-28,86.0
2015-04-29,88.9
2015-04-30,91.5
2015-05-01,88.2
2015-05-03,81.9
2015-05-04,86.1
2015-05-05,92.5
2015-05-06,95.2
2015-05-07,97.4
2015-05-08,102.1
2015-05-09,98.5
2015-05-10,97.1
2015-05-11,102.3
2015-05-12,102.4
2015-05-13,94.3
2015-05-14,89.0
2015-05-15,90.3
2015-05-16,88.6
2015-05-17,87.8
2015-05-18,101.9
2015-05-19,100.0
2015-05-20,95.8
2015-05-21,102.4
2015-05-22,104.5
2015-05-23,102.5
2015-05-24,100.4
2015-05-25,108.4
2015-05-26,110.3
2015-05-27,107.4
2015-05-28,107.7
2015-05-29,110.1
2015-05-30,106.1
2015-05-31,98.5
2015-06-01,96.4
2015-06-02,93.2
2015-06-03,85.4
2015-06-04,90.8
2015-06-05,97.1
2015-06-06,93.5
2015-06-07,95.9
2015-06-08,109.2
2015-06-09,106.9
2015-06-10,115.2
2015-06-11,115.2
2015-06-12,116.1
2015-06-13,99.4
2015-06-14,80.9
2015-06-15,97.0
2015-06-16,100.8
2015-06-17,104.2
2015-06-18,110.4
2015-06-19,116.8
2015-06-20,110.1
2015-06-21,94.6
2015-06-22,105.7
2015-06-23,106.6
2015-06-24,104.3
2015-06-25,91.2
2015-06-26,95.8
2015-06-27,100.1
2015-06-28,101.4
2015-06-29,105.9
2015-06-30,105.7
2015-07-01,105.4
2015-07-02,109.6
2015-07-04,108.8
2015-07-05,108.9
2015-07-06,104.9
2015-07-07,97.3
2015-07-08,102.1
2015-07-09,112.4
2015-07-10,94.4
2015-07-11,78.2
2015-07-14,95.7
2015-07-15,102.6
2015-07-16,107.9
2015-07-17,106.0
2015-07-18,96.0
2015-07-19,88.1
2015-07-20,94.6
2015-07-21,99.5
2015-07-22,105.3
2015-07-23,106.4
2015-07-24,107.3
2015-07-25,103.8
2015-07-26,94.4
2015-07-27,100.5
2015-07-28,96.7
2015-07-29,93.0
2015-07-30,94.1
2015-07-31,93.3
2015-08-01,89.9
2015-08-02,86.1
2015-08-03,99.0
2015-08-04,107.6
2015-08-05,103.9
2015-08-06,101.8
2015-08-07,102.5
2015-08-08,93.1
2015-08-09,85.6
2015-08-10,96.3
2015-08-11,97.5
2015-08-12,100.8
2015-08-13,103.0
2015-08-14,104.1
2015-08-15,84.2
2015-08-16,82.4
2015-08-17,101.2
2015-08-18,99.2
2015-08-19,99.5
2015-08-20,104.2
2015-08-21,102.1
2015-08-22,97.3
2015-08-23,91.4
2015-08-24,99.4
2015-08-25,106.6
2015-08-26,107.8
2015-08-27,110.0
2015-08-28,114.6
2015-08-29,98.6
2015-08-30,100.2
2015-08-31,109.0
2015-09-01,106.8
2015-09-02,107.5
2015-09-03,103.9
2015-09-06,93.2
2015-09-07,101.3
2015-09-08,104.8
2015-09-09,104.1
2015-09-10,107.9
2015-09-11,105.5
2015-09-12,103.2
2015-09-13,103.8
2015-09-14,113.2
2015-09-15,110.7
2015-09-16,111.1
2015-09-17,108.5
2015-09-18,114.0
2015-09-19,102.7
2015-09-20,99.3
2015-09-21,104.9
2015-09-22,101.5
2015-09-23,96.3
2015-09-24,89.4
2015-09-25,85.7
2015-09-26,86.7
2015-09-27,86.1
2015-09-28,91.9
2015-09-29,90.9
2015-09-30,88.9
2015-10-01,88.6
2015-10-02,74.2
2015-10-03,82.9
2015-10-04,80.6
2015-10-05,90.0
2015-10-06,91.8
2015-10-07,92.8
2015-10-08,92.8
2015-10-09,91.2
2015-10-10,85.3
2015-10-11,82.7
2015-10-12,91.1
2015-10-13,91.7
2015-10-14,89.0
2015-10-15,85.3
2015-10-16,86.5
2015-10-17,82.5
2015-10-18,78.4
2015-10-19,84.7
2015-10-20,86.3
2015-10-21,79.9
2015-10-22,67.1
2015-10-23,72.5
2015-10-24,66.7
2015-10-25,66.4
2015-10-26,70.2
2015-10-27,70.3
2015-10-28,66.8
2015-10-29,58.5
2015-10-30,63.3
2015-10-31,61.2
2015-11-01,61.1
2015-11-02,63.7
2015-11-03,64.6
2015-11-04,65.7
2015-11-05,65.3
2015-11-06,64.3
2015-11-07,60.6
2015-11-08,59.3
2015-11-09,62.9
2015-11-10,62.4
2015-11-11,53.3
2015-11-12,51.8
2015-11-13,55.7
2015-11-14,56.7
2015-11-15,55.8
2015-11-16,59.5
2015-11-17,56.2
2015-11-18,56.2
2015-11-19,58.9
2015-11-20,58.4
2015-11-21,56.4
2015-11-22,54.3
2015-11-23,57.6
2015-11-24,57.5
2015-11-25,56.2
2015-11-26,58.5
2015-11-27,59.2
2015-11-28,55.9
2015-11-29,55.5
2015-11-30,58.4
2015-12-01,59.9
2015-12-02,58.7
2015-12-03,58.5
2015-12-04,59.6
2015-12-05,56.1
2015-12-06,55.2
2015-12-07,58.3
2015-12-08,58.5
2015-12-09,59.2
2015-12-10,59.6
2015-12-11,60.3
2015-12-12,57.5
2015-12-13,55.8
2015-12-14,58.9
2015-12-15,62.2
2015-12-16,60.5
2015-12-17,61.6
2015-12-18,65.6
2015-12-19,60.3
2015-12-20,58.5
2015-12-21,62.5
2015-12-22,63.6
2015-12-23,67.8
2015-12-24,63.4
2015-12-25,63.7
2015-12-26,62.9
2015-12-27,59.1
2015-12-28,62.1
2015-12-29,62.5
2015-12-30,63.6
2015-12-31,64.9
2016-01-01,62.3
2016-01-02,58.7
2016-01-03,60.2
2016-01-04,61.5
2016-01-05,61.6
2016-01-06,61.4
2016-01-07,60.7
2016-01-08,70.5
2016-01-09,60.8
2016-01-10,57.5
2016-01-11,60.6
2016-01-12,61.7
2016-01-13,61.8
2016-01-14,61.9
2016-01-15,64.9
2016-01-16,63.6
2016-01-17,60.7
2016-01-18,63.5
2016-01-19,67.1
2016-01-20,67.5
2016-01-21,67.1
2016-01-22,68.2
2016-01-23,64.6
2016-01-24,65.1
2016-01-25,67.6
2016-01-26,56.4
2016-01-27,66.1
2016-01-28,64.4
2016-01-29,64.8
2016-01-30,60.3
2016-01-31,57.7
2016-02-01,62.4
2016-02-02,62.1
2016-02-03,62.8
2016-02-04,63.2
2016-02-05,64.1
2016-02-06,60.1
2016-02-07,58.2
2016-02-08,47.4
2016-02-09,62.3
2016-02-10,61.9
2016-02-11,61.1
2016-02-12,63.6
2016-02-13,57.8
2016-02-14,56.5
2016-02-15,59.6
2016-02-16,59.0
2016-02-17,61.1
2016-02-18,59.3
2016-02-19,61.1
2016-02-20,56.2
2016-02-21,52.3
2016-02-22,55.1
2016-02-23,56.9
2016-02-24,53.0
2016-02-25,60.7
2016-02-26,59.9
2016-02-27,56.1
2016-02-28,54.3
2016-02-29,57.9
2016-03-01,60.7
2016-03-02,60.1
2016-03-03,61.2
2016-03-04,63.0
2016-03-05,57.2
2016-03-06,52.6
2016-03-08,59.6
2016-03-09,61.4
2016-03-10,62.8
2016-03-11,63.0
2016-03-12,56.9
2016-03-13,55.4
2016-03-14,59.6
2016-03-15,60.4
2016-03-16,61.4
2016-03-17,59.6
2016-03-18,64.7
2016-03-19,62.3
2016-03-20,59.3
2016-03-21,62.8
2016-03-22,61.1
2016-03-24,47.9
2016-03-26,60.0
2016-03-27,58.6
2016-03-28,63.3
2016-03-29,65.6
2016-03-30,67.6
2016-03-31,72.7
2016-04-01,73.6
2016-04-02,73.3
2016-04-03,74.3
2016-04-04,81.7
2016-04-05,80.6
2016-04-06,82.2
2016-04-07,81.7
2016-04-08,76.2
2016-04-09,77.3
2016-04-10,74.0
2016-04-11,79.4
2016-04-12,79.0
2016-04-13,76.3
2016-04-14,81.3
2016-04-15,83.8
2016-04-16,85.0
2016-04-17,86.9
2016-04-18,95.2
2016-04-19,98.1
2016-04-20,92.6
2016-04-21,95.0
2016-04-22,96.1
2016-04-23,87.3
2016-04-24,78.5
2016-04-25,88.4
2016-04-26,91.0
2016-04-27,93.6
2016-04-28,99.1
2016-04-29,92.7
2016-04-30,91.8
2016-05-01,87.8
2016-05-02,95.8
2016-05-03,104.9
2016-05-04,102.0
2016-05-05,96.6
2016-05-06,94.7
2016-05-07,89.6
2016-05-08,92.6
2016-05-09,101.5
2016-05-10,104.4
2016-05-11,100.9
2016-05-12,106.2
2016-05-13,108.9
2016-05-14,106.9
2016-05-15,104.9
2016-05-16,110.9
2016-05-17,114.4
2016-05-18,116.8
2016-05-19,122.3
2016-05-20,126.2
2016-05-21,120.5
2016-05-22,112.2
2016-05-23,104.9
2016-05-24,98.5
2016-05-25,103.1
2016-05-26,107.5
2016-05-27,113.8
2016-05-28,111.5
2016-05-29,93.8
2016-05-30,88.9
2016-05-31,89.8
2016-06-01,103.4
2016-06-02,112.7
2016-06-03,117.0
2016-06-04,120.1
2016-06-05,118.6
2016-06-06,120.4
2016-06-07,119.5
2016-06-08,116.1
2016-06-09,118.1
2016-06-10,114.0
2016-06-11,99.0
2016-06-12,99.5
2016-06-13,113.3
2016-06-14,108.5
2016-06-15,115.6
2016-06-16,109.7
2016-06-17,114.3
2016-06-18,117.0
2016-06-19,110.7
2016-06-20,115.1
2016-06-21,111.0
2016-06-22,113.9
2016-06-23,112.9
2016-06-24,117.2
2016-06-25,120.2
2016-06-26,116.0
2016-06-27,123.1
2016-06-28,123.9
2016-06-29,120.2
2016-06-30,129.5
2016-07-01,126.3
2016-07-02,98.3
2016-07-03,93.5
2016-07-04,102.0
2016-07-05,113.1
2016-07-06,115.5
2016-07-07,112.6
2016-07-08,113.1
2016-07-09,108.6
2016-07-10,104.9
2016-07-11,112.1
2016-07-12,107.7
2016-07-13,107.9
2016-07-14,107.6
2016-07-15,107.2
2016-07-16,93.9
2016-07-17,84.5
2016-07-18,92.2
2016-07-19,101.6
2016-07-20,111.6
2016-07-21,117.4
2016-07-22,121.4
2016-07-23,111.2
2016-07-24,104.9
2016-07-25,111.1
2016-07-26,115.0
2016-07-27,101.5
2016-07-28,99.6
2016-07-29,96.8
2016-07-30,91.3
2016-07-31,85.3
2016-08-01,92.7
2016-08-02,91.9
2016-08-03,101.6
2016-08-04,110.1
2016-08-05,116.0
2016-08-06,105.9
2016-08-07,100.7
2016-08-08,112.7
2016-08-09,111.5
2016-08-10,109.6
2016-08-11,102.7
2016-08-12,99.1
2016-08-13,95.1
2016-08-14,89.4
2016-08-15,84.6
2016-08-16,103.8
2016-08-17,103.7
2016-08-18,93.3
2016-08-19,102.7
2016-08-20,101.7
2016-08-21,98.5
2016-08-22,107.0
2016-08-23,108.5
2016-08-24,104.2
2016-08-25,97.9
2016-08-26,105.6
2016-08-27,102.3
2016-08-28,102.9
2016-08-29,102.9
2016-08-30,99.0
2016-08-31,91.9
2016-09-01,91.7
2016-09-02,96.4
2016-09-03,94.0
2016-09-04,92.8
2016-09-05,100.1
2016-09-06,99.5
2016-09-07,100.9
2016-09-08,102.3
2016-09-09,104.9
2016-09-10,99.8
2016-09-11,95.6
2016-09-12,102.3
2016-09-13,105.6
2016-09-14,104.6
2016-09-15,106.6
2016-09-16,105.6
2016-09-17,103.7
2016-09-18,99.2
2016-09-19,105.9
2016-09-20,108.1
2016-09-21,110.7
2016-09-22,104.7
2016-09-23,103.9
2016-09-24,99.9
2016-09-25,93.1
2016-09-26,102.0
2016-09-27,102.9
2016-09-28,106.4
2016-09-29,108.9
2016-09-30,109.7
2016-10-01,107.5
2016-10-02,99.2
2016-10-03,110.3
2016-10-04,108.2
2016-10-05,99.4
2016-10-06,101.0
2016-10-07,101.7
2016-10-08,95.1
2016-10-09,90.5
2016-10-10,92.5
2016-10-11,79.4
2016-10-12,82.1
2016-10-13,85.3
2016-10-14,84.2
2016-10-15,79.5
2016-10-16,73.0
2016-10-17,78.9
2016-10-18,78.1
2016-10-19,77.3
2016-10-20,78.4
2016-10-21,78.4
2016-10-22,75.0
2016-10-23,75.5
2016-10-24,75.5
2016-10-25,76.4
2016-10-26,75.9
2016-10-27,74.2
2016-10-28,72.1
2016-10-29,67.0
2016-10-30,58.5
2016-10-31,57.5
2016-11-01,60.9
2016-11-02,64.7
2016-11-03,62.7
2016-11-04,63.9
2016-11-05,61.9
2016-11-06,58.3
2016-11-07,60.4
2016-11-08,61.1
2016-11-09,59.8
2016-11-10,59.3
2016-11-11,56.9
2016-11-12,54.4
2016-11-13,51.7
2016-11-14,54.3
2016-11-15,55.2
2016-11-16,55.2
2016-11-17,54.8
2016-11-18,55.9
2016-11-19,53.4
2016-11-20,52.5
2016-11-21,54.8
2016-11-22,55.5
2016-11-23,56.1
2016-11-24,56.7
2016-11-25,57.5
2016-11-26,54.0
2016-11-27,52.4
2016-11-28,54.7
2016-11-29,55.1
2016-11-30,52.7
2016-12-01,56.9
2016-12-02,58.3
2016-12-03,54.2
2016-12-04,52.3
2016-12-05,55.2
2016-12-06,56.7
2016-12-07,56.6
2016-12-08,56.6
2016-12-09,58.5
2016-12-10,54.4
2016-12-11,53.7
2016-12-12,55.7
2016-12-13,57.8
2016-12-14,58.0
2016-12-15,57.6
2016-12-16,59.3
2016-12-17,57.1
2016-12-18,55.5
2016-12-19,58.2
2016-12-20,59.6
2016-12-21,61.1
2016-12-22,58.6
2016-12-23,61.6
2016-12-24,56.7
2016-12-25,55.1
2016-12-26,59.9
2016-12-27,60.6
2016-12-28,60.6
2016-12-29,60.6
2016-12-30,62.8
2016-12-31,58.6
2017-01-01,56.3
2017-01-02,59.0
2017-01-03,60.0
2017-01-04,60.4
2017-01-05,59.1
2017-01-06,61.3
2017-01-07,57.8
2017-01-08,57.0
2017-01-09,61.5
2017-01-10,63.3
2017-01-11,63.7
2017-01-12,65.3
2017-01-13,67.5
2017-01-14,64.2
2017-01-15,60.3
2017-01-16,64.0
2017-01-17,68.2
2017-01-18,68.6
2017-01-19,67.8
2017-01-20,67.9
2017-01-21,65.8
2017-01-22,62.5
2017-01-23,64.1
2017-01-24,63.8
2017-01-25,63.5
2017-01-26,50.7
2017-01-27,63.3
2017-01-28,61.5
2017-01-29,60.3
2017-01-30,60.2
2017-01-31,63.6
2017-02-01,63.9
2017-02-02,62.9
2017-02-03,64.1
2017-02-04,60.2
2017-02-05,59.1
2017-02-06,61.9
2017-02-07,61.5
2017-02-08,62.5
2017-02-09,62.0
2017-02-10,63.4
2017-02-11,58.8
2017-02-12,56.6
2017-02-13,60.0
2017-02-14,61.1
2017-02-15,61.4
2017-02-16,61.2
2017-02-17,62.5
2017-02-18,58.5
2017-02-19,57.0
2017-02-20,60.1
2017-02-21,61.2
2017-02-22,61.1
2017-02-23,59.9
2017-02-24,46.4
2017-02-25,56.3
2017-02-26,52.8
2017-02-27,62.6
2017-02-28,59.8
2017-03-01,60.7
2017-03-02,61.2
2017-03-03,61.0
2017-03-04,57.4
2017-03-05,55.4
2017-03-06,59.4
2017-03-07,60.4
2017-03-08,61.1
2017-03-09,60.8
2017-03-10,60.7
2017-03-11,57.5
2017-03-12,51.1
2017-03-13,43.4
2017-03-14,50.8
2017-03-15,57.8
2017-03-16,59.1
2017-03-17,60.9
2017-03-18,57.8
2017-03-19,56.3
2017-03-20,61.2
2017-03-21,62.2
2017-03-22,65.8
2017-03-23,68.7
2017-03-24,72.9
2017-03-25,66.9
2017-03-26,64.9
2017-03-27,72.9
2017-03-28,77.3
2017-03-29,80.6
2017-03-30,83.2
2017-03-31,85.3
2017-04-01,83.1
2017-04-02,79.5
2017-04-03,87.2
2017-04-04,84.7
2017-04-05,82.3
2017-04-06,82.9
2017-04-07,82.9
2017-04-08,76.0
2017-04-09,69.5
2017-04-10,75.0
2017-04-11,78.5
2017-04-12,83.7
2017-04-13,86.7
2017-04-14,88.0
2017-04-15,89.7
2017-04-16,87.8
2017-04-17,99.1
2017-04-18,102.8
2017-04-19,104.5
2017-04-20,109.5
2017-04-21,114.6
2017-04-22,109.7
2017-04-23,93.8
2017-04-24,94.4
2017-04-25,100.8
2017-04-26,98.7
2017-04-27,99.0
2017-04-28,99.4
2017-04-29,95.5
2017-04-30,89.5
2017-05-01,94.2
2017-05-02,99.1
2017-05-03,100.1
2017-05-04,100.5
2017-05-05,104.6
2017-05-06,104.0
2017-05-07,103.1
2017-05-08,115.2
2017-05-09,116.0
2017-05-10,112.7
2017-05-11,113.7
2017-05-12,116.4
2017-05-13,113.8
2017-05-14,109.9
2017-05-15,120.2
2017-05-16,122.8
2017-05-17,115.1
2017-05-18,117.1
2017-05-19,114.9
2017-05-20,107.4
2017-05-21,98.0
2017-05-22,93.1
2017-05-23,97.9
2017-05-24,110.3
2017-05-25,116.0
2017-05-26,122.2
2017-05-27,116.8
2017-05-28,104.4
2017-05-29,103.9
2017-05-30,106.4
2017-05-31,101.9
2017-06-01,103.9
2017-06-02,109.7
2017-06-03,113.0
2017-06-04,114.3
2017-06-05,128.4
2017-06-06,133.9
2017-06-07,117.2
2017-06-08,112.5
2017-06-09,113.2
2017-06-10,109.6
2017-06-11,99.8
2017-06-12,113.1
2017-06-13,118.6
2017-06-14,119.3
2017-06-15,118.1
2017-06-16,106.5
2017-06-17,99.3
2017-06-18,99.3
2017-06-19,109.7
2017-06-20,95.9
2017-06-21,96.5
2017-06-22,100.1
2017-06-23,105.1
2017-06-24,108.9
2017-06-25,109.9
2017-06-26,118.2
2017-06-27,126.5
2017-06-28,113.0
2017-06-29,99.2
2017-06-30,98.2
2017-07-01,97.4
2017-07-02,90.4
2017-07-03,104.2
2017-07-04,113.7
2017-07-05,120.6
2017-07-06,112.5
2017-07-07,111.7
2017-07-08,107.8
2017-07-09,111.5
2017-07-10,122.0
2017-07-11,117.1
2017-07-12,107.1
2017-07-13,109.2
2017-07-14,114.3
2017-07-15,111.6
2017-07-16,101.0
2017-07-17,112.1
2017-07-18,114.5
2017-07-19,121.9
2017-07-20,114.6
2017-07-21,116.4
2017-07-22,109.2
2017-07-23,99.5
2017-07-24,104.9
2017-07-25,104.4
2017-07-26,107.3
2017-07-27,111.9
2017-07-28,113.5
2017-07-29,108.3
2017-07-30,102.5
2017-07-31,106.5
2017-08-01,103.4
2017-08-02,103.6
2017-08-03,107.4
2017-08-04,109.0
2017-08-05,107.4
2017-08-06,106.6
2017-08-07,103.5
2017-08-08,109.8
2017-08-09,110.7
2017-08-10,112.7
2017-08-11,114.2
2017-08-12,108.2
2017-08-13,103.4
2017-08-14,110.6
2017-08-15,97.5
2017-08-16,115.7
2017-08-17,121.5
2017-08-18,124.5
2017-08-19,112.9
2017-08-20,104.9
2017-08-21,116.6
2017-08-22,117.5
2017-08-23,112.3
2017-08-24,111.4
2017-08-25,106.2
2017-08-26,103.4
2017-08-27,98.5
2017-08-28,106.0
2017-08-29,112.2
2017-08-30,110.5
2017-08-31,104.1
2017-09-01,98.7
2017-09-02,90.2
2017-09-03,89.5
2017-09-04,104.2
2017-09-05,105.1
2017-09-06,108.0
2017-09-07,103.1
2017-09-08,106.8
2017-09-09,105.3
2017-09-10,104.5
2017-09-11,113.3
2017-09-12,112.0
2017-09-13,115.5
2017-09-14,117.3
2017-09-15,115.8
2017-09-16,106.7
2017-09-17,98.1
2017-09-18,107.3
2017-09-19,108.4
2017-09-20,108.6
2017-09-21,109.4
2017-09-22,98.2
2017-09-23,83.4
2017-09-24,77.3
2017-09-25,89.9
2017-09-26,97.1
2017-09-27,92.0
2017-09-28,100.7
2017-09-29,101.1
2017-09-30,86.7
2017-10-01,84.6
2017-10-02,79.7
2017-10-03,94.3
2017-10-04,98.1
2017-10-05,98.6
2017-10-06,97.7
2017-10-07,92.5
2017-10-08,89.5
2017-10-09,95.8
2017-10-10,96.4
2017-10-11,95.7
2017-10-12,96.2
2017-10-13,93.8
2017-10-14,87.4
2017-10-15,82.0
2017-10-16,88.0
2017-10-17,87.0
2017-10-18,82.8
2017-10-19,72.0
2017-10-20,73.2
2017-10-21,73.2
2017-10-22,71.5
2017-10-23,78.7
2017-10-24,77.2
2017-10-25,74.6
2017-10-26,71.8
2017-10-27,72.6
2017-10-28,83.6
2017-10-29,65.6
2017-10-30,69.9
2017-10-31,69.0
2017-11-01,68.5
2017-11-02,69.1
2017-11-03,69.0
2017-11-04,64.7
2017-11-05,61.8
2017-11-06,66.0
2017-11-07,66.4
2017-11-08,65.7
2017-11-09,64.1
2017-11-10,64.5
2017-11-11,60.2
2017-11-12,57.4
2017-11-13,62.1
2017-11-14,62.8
2017-11-15,62.3
2017-11-16,63.1
2017-11-17,64.7
2017-11-18,60.3
2017-11-19,57.2
2017-11-20,60.6
2017-11-21,56.0
2017-11-22,59.9
2017-11-23,61.1
2017-11-24,61.5
2017-11-25,58.6
2017-11-26,56.8
2017-11-27,60.3
2017-11-28,60.2
2017-11-29,61.6
2017-11-30,62.3
2017-12-01,62.1
2017-12-02,58.3
2017-12-03,58.0
2017-12-04,60.3
2017-12-05,62.2
2017-12-06,62.9
2017-12-07,61.6
2017-12-08,62.3
2017-12-09,60.0
2017-12-10,56.0
2017-12-11,60.8
2017-12-12,61.8
2017-12-13,63.9
2017-12-14,64.5
2017-12-15,66.6
2017-12-16,63.6
2017-12-17,61.5
2017-12-18,65.1
2017-12-19,65.4
2017-12-20,66.6
2017-12-21,65.9
2017-12-22,66.8
2017-12-23,62.2
2017-12-24,59.8
2017-12-25,61.9
2017-12-26,64.5
2017-12-27,65.6
2017-12-28,65.5
2017-12-29,65.8
2017-12-30,62.1
2017-12-31,60.1
2018-01-01,63.7
2018-01-02,65.7
2018-01-03,68.0
2018-01-04,67.5
2018-01-05,72.0
2018-01-06,66.7
2018-01-07,64.6
2018-01-08,68.6
2018-01-09,68.9
2018-01-10,69.3
2018-01-11,68.5
2018-01-12,69.3
2018-01-13,63.5
2018-01-14,61.7
2018-01-15,65.5
2018-01-16,65.5
2018-01-17,68.1
2018-01-18,67.3
2018-01-19,66.8
2018-01-20,64.3
2018-01-21,62.0
2018-01-22,65.0
2018-01-23,65.3
2018-01-24,68.6
2018-01-25,68.2
2018-01-26,57.7
2018-01-27,65.1
2018-01-28,63.2
2018-01-29,67.4
2018-01-30,66.5
2018-01-31,66.5
2018-02-01,64.8
2018-02-02,64.8
2018-02-03,61.0
2018-02-04,59.7
2018-02-05,63.8
2018-02-06,63.8
2018-02-07,65.2
2018-02-08,65.5
2018-02-09,66.5
2018-02-10,62.2
2018-02-11,60.6
2018-02-12,63.7
2018-02-13,63.7
2018-02-14,64.0
2018-02-15,63.1
2018-02-16,64.8
2018-02-17,60.7
2018-02-18,58.4
2018-02-19,61.1
2018-02-20,61.7
2018-02-21,61.8
2018-02-22,62.4
2018-02-23,63.9
2018-02-24,60.7
2018-02-25,58.1
2018-02-26,61.2
2018-02-27,65.2
2018-02-28,63.4
2018-03-01,59.6
2018-03-02,46.1
2018-03-03,53.2
2018-03-04,55.6
2018-03-05,60.7
2018-03-06,61.9
2018-03-07,62.8
2018-03-08,64.1
2018-03-09,65.2
2018-03-10,61.2
2018-03-11,59.9
2018-03-12,65.5
2018-03-13,67.2
2018-03-14,68.9
2018-03-15,69.7
2018-03-16,69.9
2018-03-17,65.3
2018-03-18,61.9
2018-03-19,67.6
2018-03-20,69.7
2018-03-21,70.3
2018-03-22,69.8
2018-03-23,76.1
2018-03-24,66.7
2018-03-25,62.9
2018-03-26,70.5
2018-03-27,73.4
2018-03-28,75.0
2018-03-29,74.5
2018-03-30,75.5
2018-03-31,73.7
2018-04-01,79.0
2018-04-02,79.0
2018-04-03,83.0
2018-04-04,87.8
2018-04-05,89.9
2018-04-06,85.9
2018-04-07,75.4
2018-04-08,77.8
2018-04-09,79.8
2018-04-10,82.0
2018-04-11,80.9
2018-04-12,78.3
2018-04-13,80.1
2018-04-14,77.4
2018-04-15,78.6
2018-04-16,87.8
2018-04-17,90.2
2018-04-18,91.8
2018-04-19,95.0
2018-04-20,94.9
2018-04-21,88.3
2018-04-22,79.5
2018-04-23,85.8
2018-04-24,89.6
2018-04-25,94.0
2018-04-26,99.2
2018-04-27,103.9
2018-04-28,105.5
2018-04-29,97.8
2018-04-30,102.3
2018-05-01,104.3
2018-05-02,100.0
2018-05-03,93.7
2018-05-04,97.6
2018-05-05,98.7
2018-05-06,95.2
2018-05-07,102.7
2018-05-08,97.1
2018-05-09,95.5
2018-05-10,97.2
2018-05-11,105.5
2018-05-12,108.7
2018-05-13,100.3
2018-05-14,98.0
2018-05-15,105.9
2018-05-16,103.2
2018-05-17,108.5
2018-05-18,110.4
2018-05-19,108.8
2018-05-20,103.7
2018-05-21,111.3
2018-05-22,116.6
2018-05-23,121.6
2018-05-24,123.1
2018-05-25,119.7
2018-05-26,116.5
2018-05-27,113.0
2018-05-28,125.1
2018-05-29,128.4
2018-05-30,128.5
2018-05-31,129.8
2018-06-01,130.3
2018-06-02,118.3
2018-06-03,111.8
2018-06-04,127.8
2018-06-05,134.1
2018-06-06,129.5
2018-06-07,131.0
2018-06-08,137.4
2018-06-09,122.1
2018-06-10,110.4
2018-06-11,126.4
2018-06-12,135.5
2018-06-13,137.9
2018-06-14,134.9
2018-06-15,132.4
2018-06-16,124.7
2018-06-17,113.1
2018-06-18,117.8
2018-06-19,118.7
2018-06-20,126.6
2018-06-21,132.5
2018-06-22,135.2
2018-06-23,133.0
2018-06-24,126.1
2018-06-25,136.3
2018-06-26,130.4
2018-06-27,122.2
2018-06-28,114.3
2018-06-29,114.9
2018-06-30,113.1
2018-07-01,113.2
2018-07-02,119.9
2018-07-03,117.3
2018-07-04,120.3
2018-07-05,122.0
2018-07-06,123.9
2018-07-07,124.7
2018-07-08,123.3
2018-07-09,139.0
2018-07-10,139.7
2018-07-11,135.5
2018-07-12,130.9
2018-07-13,120.7
2018-07-14,109.4
2018-07-15,109.5
2018-07-16,119.2
2018-07-17,122.9
2018-07-18,127.9
2018-07-19,128.6
2018-07-20,123.0
2018-07-21,112.9
2018-07-22,101.3
2018-07-23,112.5
2018-07-24,120.2
2018-07-25,118.1
2018-07-26,104.9
2018-07-27,100.0
2018-07-28,95.1
2018-07-29,94.6
2018-07-30,108.6
2018-07-31,113.6
2018-08-01,112.6
2018-08-02,118.1
2018-08-03,117.2
2018-08-04,115.5
2018-08-05,109.6
2018-08-06,105.7
2018-08-07,105.0
2018-08-08,109.9
2018-08-09,116.9
2018-08-10,120.7
2018-08-11,117.6
2018-08-12,110.4
2018-08-13,114.9
2018-08-14,117.3
2018-08-15,102.7
2018-08-16,116.6
2018-08-17,121.0
2018-08-18,117.9
2018-08-19,108.0
2018-08-20,117.6
2018-08-21,119.4
2018-08-22,117.3
2018-08-23,113.4
2018-08-24,111.9
2018-08-25,107.6
2018-08-26,98.0
2018-08-27,111.7
2018-08-28,107.6
2018-08-29,106.4
2018-08-30,111.0
2018-08-31,116.4
2018-09-01,104.0
2018-09-02,91.0
2018-09-03,87.3
2018-09-04,94.1
2018-09-05,95.4
2018-09-06,100.4
2018-09-07,98.6
2018-09-08,92.9
2018-09-09,88.0
2018-09-10,98.1
2018-09-11,104.2
2018-09-12,107.4
2018-09-13,106.5
2018-09-14,106.9
2018-09-15,103.2
2018-09-16,98.4
2018-09-17,106.1
2018-09-18,107.5
2018-09-19,108.6
2018-09-20,108.9
2018-09-21,104.2
2018-09-22,91.8
2018-09-23,83.9
2018-09-24,86.0
2018-09-25,81.0
2018-09-26,83.6
2018-09-27,88.4
2018-09-28,93.3
2018-09-29,93.2
2018-09-30,89.1
2018-10-01,94.4
2018-10-02,83.7
2018-10-03,95.7
2018-10-04,98.7
2018-10-05,97.3
2018-10-06,91.9
2018-10-07,84.9
2018-10-08,91.5
2018-10-09,92.3
2018-10-10,94.3
2018-10-11,88.3
2018-10-12,81.9
2018-10-13,75.3
2018-10-14,70.7
2018-10-15,75.1
2018-10-16,79.6
2018-10-17,80.9
2018-10-18,80.4
2018-10-19,69.6
2018-10-20,71.4
2018-10-21,66.4
2018-10-22,72.8
2018-10-23,72.7
2018-10-24,73.8
2018-10-25,73.5
2018-10-26,73.2
2018-10-27,68.9
2018-10-28,64.4
2018-10-29,69.7
2018-10-30,71.8
2018-10-31,71.0
2018-11-01,71.3
2018-11-02,71.7
2018-11-03,68.5
2018-11-04,64.6
2018-11-05,65.4
2018-11-06,63.0
2018-11-07,53.9
2018-11-08,50.4
2018-11-09,55.3
2018-11-10,57.3
2018-11-11,55.5
2018-11-12,61.3
2018-11-13,59.7
2018-11-14,61.8
2018-11-15,62.5
2018-11-16,62.9
2018-11-17,60.0
2018-11-18,57.3
2018-11-19,61.0
2018-11-20,61.7
2018-11-21,61.3
2018-11-22,62.1
2018-11-23,61.6
2018-11-24,58.4
2018-11-25,58.3
2018-11-26,60.9
2018-11-27,62.0
2018-11-28,62.5
2018-11-29,62.3
2018-11-30,64.2
2018-12-01,59.8
2018-12-02,56.8
2018-12-03,61.6
2018-12-04,62.8
2018-12-05,63.8
2018-12-06,64.4
2018-12-07,63.5
2018-12-08,61.9
2018-12-09,59.3
2018-12-10,62.0
2018-12-11,63.8
2018-12-12,64.0
2018-12-13,64.5
2018-12-14,65.3
2018-12-15,61.6
2018-12-16,60.2
2018-12-17,64.8
2018-12-18,65.0
2018-12-19,67.3
2018-12-20,67.0
2018-12-21,69.0
2018-12-22,65.5
2018-12-23,63.3
2018-12-24,67.2
2018-12-25,64.8
2018-12-26,64.6
2018-12-27,69.6
2018-12-28,73.2
2018-12-29,69.3
2018-12-30,66.5
2018-12-31,69.0
2019-01-01,69.6
2019-01-02,69.0
2019-01-03,68.3
2019-01-04,73.9
2019-01-05,68.2
2019-01-06,64.9
2019-01-07,71.0
2019-01-08,68.7
2019-01-09,71.1
2019-01-10,71.0
2019-01-11,71.4
2019-01-12,67.7
2019-01-13,65.4
2019-01-14,68.9
2019-01-15,72.2
2019-01-16,72.3
2019-01-17,72.2
2019-01-18,73.9
2019-01-19,66.2
2019-01-20,64.6
2019-01-21,67.9
2019-01-22,67.7
2019-01-23,70.8
2019-01-24,70.4
2019-01-25,72.5
2019-01-26,58.6
2019-01-27,63.7
2019-01-28,71.8
2019-01-29,71.7
2019-01-30,72.7
2019-01-31,71.6
2019-02-01,71.3
2019-02-02,69.2
2019-02-03,67.0
2019-02-04,69.1
2019-02-05,69.4
2019-02-06,69.1
2019-02-07,68.7
2019-02-08,70.0
2019-02-09,65.8
2019-02-10,63.1
2019-02-11,66.8
2019-02-12,67.1
2019-02-13,66.5
2019-02-14,67.0
2019-02-15,68.5
2019-02-16,64.9
2019-02-17,61.6
2019-02-18,64.2
2019-02-19,65.0
2019-02-20,65.3
2019-02-21,65.0
2019-02-22,65.6
2019-02-23,61.1
2019-02-24,59.2
2019-02-25,61.4
2019-02-26,64.1
2019-02-27,66.1
2019-02-28,66.1
2019-03-01,65.4
2019-03-02,63.0
2019-03-03,60.2
2019-03-04,62.0
2019-03-05,63.2
2019-03-06,63.8
2019-03-07,63.3
2019-03-08,64.0
2019-03-09,59.8
2019-03-10,58.1
2019-03-11,61.2
2019-03-12,61.4
2019-03-13,62.2
2019-03-14,61.4
2019-03-15,64.2
2019-03-16,59.4
2019-03-17,57.5
2019-03-18,61.6
2019-03-19,61.7
2019-03-20,60.1
2019-03-21,46.1
2019-03-22,54.4
2019-03-23,57.9
2019-03-24,58.2
2019-03-25,61.7
2019-03-26,64.3
2019-03-27,65.9
2019-03-28,67.4
2019-03-29,71.8
2019-03-30,73.9
2019-03-31,69.1
2019-04-01,72.0
2019-04-02,75.0
2019-04-03,77.3
2019-04-04,81.3
2019-04-05,85.6
2019-04-06,83.9
2019-04-07,83.6
2019-04-08,85.6
2019-04-09,86.9
2019-04-10,91.0
2019-04-11,94.4
2019-04-12,94.8
2019-04-13,90.0
2019-04-14,85.5
2019-04-15,97.2
2019-04-16,89.2
2019-04-17,73.7
2019-04-18,74.4
2019-04-19,75.2
2019-04-20,78.7
2019-04-21,79.2
2019-04-22,91.9
2019-04-23,99.3
2019-04-24,106.7
2019-04-25,111.4
2019-04-26,109.7
2019-04-27,103.2
2019-04-28,98.7
2019-04-29,109.3
2019-04-30,111.9
2019-05-01,114.2
2019-05-02,112.7
2019-05-03,105.0
2019-05-04,100.5
2019-05-05,96.4
2019-05-06,106.7
2019-05-07,110.7
2019-05-08,114.5
2019-05-09,117.1
2019-05-10,117.5
2019-05-11,110.5
2019-05-12,99.6
2019-05-13,110.5
2019-05-14,106.0
2019-05-15,102.7
2019-05-16,101.8
2019-05-17,100.9
2019-05-18,88.4
2019-05-19,89.8
2019-05-20,102.8
2019-05-21,110.8
2019-05-22,114.0
2019-05-23,114.5
2019-05-24,105.5
2019-05-25,109.2
2019-05-26,99.9
2019-05-27,111.8
2019-05-28,114.9
2019-05-29,121.6
2019-05-30,128.1
2019-05-31,131.6
2019-06-01,132.2
2019-06-02,132.7
2019-06-03,135.5
2019-06-04,131.8
2019-06-05,131.2
2019-06-06,134.4
2019-06-07,129.2
2019-06-08,129.0
2019-06-09,123.8
2019-06-11,139.1
2019-06-12,135.2
2019-06-13,136.1
2019-06-14,134.7
2019-06-15,130.7
2019-06-16,117.9
2019-06-17,114.8
2019-06-18,99.3
2019-06-19,106.4
2019-06-20,112.0
2019-06-21,122.7
2019-06-22,118.5
2019-06-23,121.0
2019-06-24,123.2
2019-06-25,126.1
2019-06-26,135.1
2019-06-27,135.2
2019-06-28,133.5
2019-06-29,136.7
2019-06-30,136.0
2019-07-01,145.2
2019-07-02,147.1
2019-07-03,145.3
2019-07-04,139.2
2019-07-05,126.4
2019-07-06,122.3
2019-07-07,119.6
2019-07-08,130.2
2019-07-09,113.4
2019-07-10,127.8
2019-07-11,135.5
2019-07-12,137.8
2019-07-13,132.5
2019-07-14,125.5
2019-07-15,118.5
2019-07-16,108.0
2019-07-17,91.6
2019-07-18,100.6
2019-07-19,108.6
2019-07-20,111.1
2019-07-21,105.6
2019-07-22,116.6
2019-07-23,129.0
2019-07-24,130.4
2019-07-25,115.2
2019-07-26,109.3
2019-07-27,100.7
2019-07-28,98.9
2019-07-29,111.8
2019-07-30,115.6
2019-07-31,117.9
2019-08-01,121.9
2019-08-02,121.7
2019-08-03,112.2
2019-08-04,108.0
2019-08-05,121.6
2019-08-06,111.8
2019-08-07,110.4
2019-08-08,121.3
2019-08-09,119.7
2019-08-10,112.4
2019-08-11,111.8
2019-08-12,115.5
2019-08-13,117.8
2019-08-14,113.9
2019-08-15,98.7
2019-08-16,107.7
2019-08-17,99.2
2019-08-18,89.1
2019-08-19,103.8
2019-08-20,110.9
2019-08-21,117.8
2019-08-22,115.7
2019-08-23,117.0
2019-08-24,110.1
2019-08-25,102.1
2019-08-26,111.7
2019-08-27,121.6
2019-08-28,128.0
2019-08-29,132.7
2019-08-30,132.6
2019-08-31,129.7
2019-09-01,113.9
2019-09-02,122.8
2019-09-03,129.2
2019-09-04,130.3
2019-09-05,128.7
2019-09-06,128.5
2019-09-07,122.2
2019-09-08,116.7
2019-09-09,128.5
2019-09-10,126.9
2019-09-11,134.9
2019-09-12,137.2
2019-09-13,132.6
2019-09-14,125.3
2019-09-15,116.2
2019-09-16,124.6
2019-09-17,125.1
2019-09-18,121.0
2019-09-19,113.9
2019-09-20,113.4
2019-09-21,108.1
2019-09-22,94.0
2019-09-23,98.5
2019-09-24,99.3
2019-09-25,102.4
2019-09-26,102.6
2019-09-27,100.9
2019-09-28,94.6
2019-09-29,84.7
2019-09-30,89.2
2019-10-01,92.8
2019-10-02,79.5
2019-10-03,92.6
2019-10-04,89.4
2019-10-05,82.2
2019-10-06,77.8
2019-10-07,82.5
2019-10-08,73.1
2019-10-09,82.8
2019-10-10,83.2
2019-10-11,84.9
2019-10-12,82.5
2019-10-13,80.2
2019-10-14,85.8
2019-10-15,86.0
2019-10-16,88.3
2019-10-17,87.9
2019-10-18,86.4
2019-10-19,80.7
2019-10-20,75.3
2019-10-21,78.4
2019-10-22,75.9
2019-10-23,74.2
2019-10-24,75.9
2019-10-25,76.0
2019-10-26,69.1
2019-10-27,60.8
2019-10-28,60.3
2019-10-29,63.2
2019-10-30,68.4
2019-10-31,67.6
2019-11-01,69.0
2019-11-02,64.8
2019-11-03,61.2
2019-11-04,66.3
2019-11-05,66.4
2019-11-06,67.6
2019-11-07,65.5
2019-11-08,64.9
2019-11-09,61.4
2019-11-10,59.6
2019-11-11,63.2
2019-11-12,59.9
2019-11-13,62.0
2019-11-14,63.2
2019-11-15,60.6
2019-11-16,60.4
2019-11-17,58.5
2019-11-18,61.5
2019-11-19,62.6
2019-11-20,63.6
2019-11-21,63.4
2019-11-22,64.0
2019-11-23,60.4
2019-11-24,58.0
2019-11-25,62.5
2019-11-26,63.5
2019-11-27,62.6
2019-11-28,62.4
2019-11-29,63.5
2019-11-30,60.4
2019-12-01,57.2
2019-12-02,60.8
2019-12-03,62.5
2019-12-04,62.6
2019-12-05,63.5
2019-12-06,65.0
2019-12-07,62.0
2019-12-08,59.3
2019-12-09,62.8
2019-12-10,62.9
2019-12-11,65.4
2019-12-12,64.8
2019-12-13,66.8
2019-12-14,63.8
2019-12-15,62.0
2019-12-16,67.6
2019-12-17,70.2
2019-12-18,70.2
2019-12-19,73.2
2019-12-20,74.8
2019-12-21,70.7
2019-12-22,70.0
2019-12-23,74.2
2019-12-24,76.9
2019-12-25,76.9
2019-12-26,79.2
2019-12-27,82.0
2019-12-28,80.4
2019-12-29,78.0
2019-12-30,85.8
2019-12-31,85.5
2020-01-01,83.5
2020-01-02,79.2
2020-01-03,76.6
2020-01-04,71.1
2020-01-05,69.0
2020-01-06,73.8
2020-01-07,74.5
2020-01-08,74.7
2020-01-09,77.5
2020-01-10,79.7
2020-01-11,72.7
2020-01-12,69.3
2020-01-13,74.9
2020-01-14,74.9
2020-01-15,75.4
2020-01-16,76.4
2020-01-17,77.3
2020-01-18,73.3
2020-01-19,71.7
2020-01-20,77.7
2020-01-21,75.9
2020-01-22,76.6
2020-01-23,75.0
2020-01-24,76.0
2020-01-25,71.4
2020-01-26,60.3
2020-01-27,69.0
2020-01-28,72.1
2020-01-29,71.8
2020-01-30,71.1
2020-01-31,73.0
2020-02-01,68.0
2020-02-02,67.3
2020-02-03,70.7
2020-02-04,69.8
2020-02-05,71.7
2020-02-06,70.7
2020-02-07,73.4
2020-02-08,62.0
2020-02-09,72.1
2020-02-10,68.5
2020-02-11,69.5
2020-02-12,68.8
2020-02-13,66.8
2020-02-14,66.8
2020-02-15,62.6
2020-02-16,61.1
2020-02-17,62.6
2020-02-18,64.0
2020-02-19,65.1
2020-02-20,63.6
2020-02-21,64.3
2020-02-22,60.7
2020-02-23,59.4
2020-02-24,63.9
2020-02-25,75.0
2020-02-26,63.8
2020-02-27,62.5
2020-02-28,63.8
2020-02-29,60.3
2020-03-01,57.9
2020-03-02,61.5
2020-03-03,62.8
2020-03-04,63.9
2020-03-05,62.9
2020-03-06,64.4
2020-03-07,59.9
2020-03-08,58.2
2020-03-09,58.0
2020-03-10,45.6
2020-03-11,53.3
2020-03-12,58.8
2020-03-13,61.1
2020-03-14,58.3
2020-03-15,54.9
2020-03-16,59.2
2020-03-17,60.2
2020-03-18,60.7
2020-03-19,60.6
2020-03-20,63.4
2020-03-21,59.1
2020-03-22,46.1
2020-03-23,48.7
2020-03-24,46.0
2020-03-25,46.1
2020-03-26,44.1
2020-03-27,44.4
2020-03-28,42.4
2020-03-29,41.8
2020-03-30,43.1
2020-03-31,42.9
2020-04-01,44.9
2020-04-02,43.8
2020-04-03,43.5
2020-04-04,44.1
2020-04-05,44.3
2020-04-06,45.8
2020-04-07,47.6
2020-04-08,46.1
2020-04-09,47.5
2020-04-10,48.4
2020-04-11,50.1
2020-04-12,52.4
2020-04-13,56.4
2020-04-14,60.8
2020-04-15,62.8
2020-04-16,63.0
2020-04-17,65.2
2020-04-18,62.1
2020-04-19,57.8
2020-04-20,59.9
2020-04-21,56.8
2020-04-22,58.6
2020-04-23,59.9
2020-04-24,59.5
2020-04-25,62.2
2020-04-26,57.8
2020-04-27,51.2
2020-04-28,58.4
2020-04-29,63.0
2020-04-30,66.1
2020-05-01,69.6
2020-05-02,68.3
2020-05-03,64.8
2020-05-04,61.2
2020-05-05,65.8
2020-05-06,68.5
2020-05-07,65.7
2020-05-08,71.8
2020-05-09,75.0
2020-05-10,69.4
2020-05-11,67.7
2020-05-12,71.8
2020-05-13,73.1
2020-05-14,72.2
2020-05-15,72.0
2020-05-16,73.3
2020-05-17,75.7
2020-05-18,78.7
2020-05-19,81.3
2020-05-20,82.3
2020-05-21,84.8
2020-05-22,91.7
2020-05-23,95.2
2020-05-24,98.0
2020-05-25,101.5
2020-05-26,106.9
2020-05-27,110.4
2020-05-28,105.6
2020-05-29,88.4
2020-05-30,81.8
2020-05-31,73.3
2020-06-01,74.6
2020-06-02,81.1
2020-06-03,85.7
2020-06-04,85.1
2020-06-05,81.0
2020-06-06,80.2
2020-06-07,79.8
2020-06-08,88.0
2020-06-09,97.5
2020-06-10,103.8
2020-06-11,107.4
2020-06-12,113.1
2020-06-13,103.9
2020-06-14,101.8
2020-06-15,111.7
2020-06-16,116.7
2020-06-17,120.2
2020-06-18,120.5
2020-06-19,126.0
2020-06-20,107.3
2020-06-21,97.9
2020-06-22,101.9
2020-06-23,107.3
2020-06-24,107.3
2020-06-25,106.6
2020-06-26,108.4
2020-06-27,106.6
2020-06-28,112.5
2020-06-29,119.8
2020-06-30,116.0
2020-07-01,120.0
2020-07-02,125.9
2020-07-03,128.0
2020-07-04,118.5
2020-07-05,95.9
2020-07-06,104.7
2020-07-07,99.9
2020-07-08,98.9
2020-07-09,107.4
2020-07-10,116.1
2020-07-11,104.7
2020-07-12,96.3
2020-07-13,97.8
2020-07-14,115.6
2020-07-15,118.6
2020-07-16,116.0
2020-07-17,117.8
2020-07-18,113.7
2020-07-19,101.8
2020-07-20,99.7
2020-07-21,88.6
2020-07-22,84.8
2020-07-23,88.2
2020-07-24,96.4
2020-07-25,96.3
2020-07-26,99.2
2020-07-27,112.7
2020-07-28,117.5
2020-07-29,111.9
2020-07-30,101.7
2020-07-31,105.7
2020-08-01,98.5
2020-08-02,101.6
2020-08-03,105.1
2020-08-04,113.2
2020-08-05,115.7
2020-08-06,111.7
2020-08-07,113.3
2020-08-08,113.7
2020-08-09,107.3
2020-08-10,112.0
2020-08-11,113.1
2020-08-12,111.0
2020-08-13,99.0
2020-08-14,97.5
2020-08-15,89.4
2020-08-16,99.2
2020-08-17,108.5
2020-08-18,108.0
2020-08-19,95.5
2020-08-20,87.9
2020-08-21,90.0
2020-08-22,91.6
2020-08-23,91.4
2020-08-24,96.1
2020-08-25,97.2
2020-08-26,100.5
2020-08-27,102.3
2020-08-28,103.2
2020-08-29,96.7
2020-08-30,90.6
2020-08-31,93.3
2020-09-01,97.5
2020-09-02,102.1
2020-09-03,108.4
2020-09-04,110.7
2020-09-05,104.4
2020-09-06,96.3
2020-09-07,104.2
2020-09-08,105.9
2020-09-09,113.1
2020-09-10,114.3
2020-09-11,116.7
2020-09-12,112.3
2020-09-13,110.8
2020-09-14,120.5
2020-09-15,120.5
2020-09-16,123.9
2020-09-17,124.6
2020-09-18,126.5
2020-09-19,123.5
2020-09-20,116.5
2020-09-21,123.9
2020-09-22,125.2
2020-09-23,122.2
2020-09-24,119.3
2020-09-25,116.6
2020-09-26,106.0
2020-09-27,96.6
2020-09-28,104.2
2020-09-29,105.4
2020-10-01,100.6
2020-10-02,87.1
2020-10-03,91.9
2020-10-04,85.3
2020-10-05,90.3
2020-10-06,89.1
2020-10-07,90.8
2020-10-08,90.1
2020-10-09,89.4
2020-10-10,86.7
2020-10-11,81.6
2020-10-12,86.7
2020-10-13,91.2
2020-10-14,93.1
2020-10-15,88.9
2020-10-16,84.1
2020-10-17,76.5
2020-10-18,69.7
2020-10-19,75.8
2020-10-20,74.6
2020-10-21,76.0
2020-10-22,75.9
2020-10-23,74.4
2020-10-24,70.8
2020-10-25,62.6
2020-10-26,70.1
2020-10-27,68.2
2020-10-28,66.6
2020-10-29,66.7
2020-10-30,65.8
2020-10-31,63.2
2020-11-01,59.5
2020-11-02,63.4
2020-11-03,64.7
2020-11-04,64.7
2020-11-05,62.8
2020-11-06,65.0
2020-11-07,61.6
2020-11-08,59.8
2020-11-09,63.2
2020-11-10,63.0
2020-11-11,64.4
2020-11-12,62.8
2020-11-13,61.6
2020-11-14,54.4
2020-11-15,49.5
2020-11-16,54.0
2020-11-17,58.2
2020-11-18,59.7
2020-11-19,61.4
2020-11-20,61.8
2020-11-21,59.0
2020-11-22,58.7
2020-11-23,62.0
2020-11-24,62.6
2020-11-25,64.3
2020-11-26,61.8
2020-11-27,63.4
2020-11-28,59.8
2020-11-29,58.1
2020-11-30,60.0
2020-12-01,61.2
2020-12-02,63.3
2020-12-03,59.9
2020-12-04,63.7
2020-12-05,61.1
2020-12-06,58.6
2020-12-07,61.9
2020-12-08,62.1
2020-12-09,62.6
2020-12-10,62.6
2020-12-11,60.3
2020-12-12,58.4
2020-12-13,59.0
2020-12-14,63.3
2020-12-15,64.8
2020-12-16,69.6
2020-12-17,71.6
2020-12-18,75.0
2020-12-19,68.1
2020-12-20,64.2
2020-12-21,68.9
2020-12-22,70.1
2020-12-23,71.1
2020-12-24,69.7
2020-12-25,70.6
2020-12-26,67.4
2020-12-27,65.1
2020-12-28,69.2
2020-12-29,70.6
2020-12-30,76.0
2020-12-31,76.0
2021-01-01,77.0
2021-01-02,70.5
2021-01-03,67.9
2021-01-04,73.2
2021-01-05,70.5
2021-01-06,71.6
2021-01-07,70.6
2021-01-08,73.8
2021-01-09,68.3
2021-01-10,67.9
2021-01-11,74.6
2021-01-12,76.0
2021-01-13,76.6
2021-01-14,77.5
2021-01-15,77.2
2021-01-16,72.5
2021-01-17,74.0
2021-01-18,76.2
2021-01-19,75.6
2021-01-20,76.7
2021-01-21,73.3
2021-01-22,77.1
2021-01-23,72.4
2021-01-24,72.9
2021-01-25,75.1
2021-01-26,62.6
2021-01-27,72.3
2021-01-28,74.6
2021-01-29,74.2
2021-01-30,71.6
2021-01-31,68.3
2021-02-01,69.7
2021-02-02,69.3
2021-02-03,68.4
2021-02-04,68.6
2021-02-05,70.4
2021-02-06,64.1
2021-02-07,63.0
2021-02-08,66.0
2021-02-09,65.7
2021-02-10,65.5
2021-02-11,65.0
2021-02-12,66.4
2021-02-13,61.4
2021-02-14,59.0
2021-02-15,61.6
2021-02-16,62.7
2021-02-17,62.1
2021-02-18,62.5
2021-02-19,64.7
2021-02-20,59.5
2021-02-21,58.4
2021-02-22,60.8
2021-02-23,62.1
2021-02-24,62.8
2021-02-25,62.3
2021-02-26,65.4
2021-02-27,61.3
2021-02-28,59.2
2021-03-01,62.1
2021-03-02,61.8
2021-03-03,62.8
2021-03-04,62.6
2021-03-05,65.4
2021-03-06,61.1
2021-03-07,59.9
2021-03-08,65.4
2021-03-09,68.1
2021-03-10,67.9
2021-03-11,69.2
2021-03-12,69.0
2021-03-13,63.9
2021-03-14,63.0
2021-03-15,68.5
2021-03-16,69.1
2021-03-17,70.4
2021-03-18,70.0
2021-03-19,73.5
2021-03-20,69.9
2021-03-21,67.0
2021-03-22,72.8
2021-03-23,71.2
2021-03-24,70.2
2021-03-25,70.0
2021-03-26,69.2
2021-03-27,68.2
2021-03-28,65.0
2021-03-29,56.3
2021-03-30,70.2
2021-03-31,73.6
2021-04-01,72.2
2021-04-02,71.0
2021-04-03,68.3
2021-04-04,68.0
2021-04-05,76.8
2021-04-06,80.7
2021-04-07,81.7
2021-04-08,79.9
2021-04-09,79.5
2021-04-10,76.9
2021-04-11,75.5
2021-04-12,83.6
2021-04-13,85.8
2021-04-14,85.9
2021-04-15,88.7
2021-04-16,86.0
2021-04-17,66.4
2021-04-18,67.6
2021-04-19,79.9
2021-04-20,69.5
2021-04-21,64.2
2021-04-22,64.5
2021-04-23,64.0
2021-04-24,59.7
2021-04-25,61.1
2021-04-26,66.3
2021-04-27,70.8
2021-04-28,76.1
2021-04-29,79.1
2021-04-30,80.1
2021-05-01,79.7
2021-05-02,80.0
2021-05-03,81.9
2021-05-04,83.9
2021-05-05,84.6
2021-05-06,80.5
2021-05-07,72.8
2021-05-08,74.3
2021-05-09,75.6
2021-05-10,74.6
2021-05-11,77.9
2021-05-12,77.7
2021-05-13,71.6
2021-05-14,73.0
2021-05-15,72.8
2021-05-16,73.6
2021-05-17,79.3
2021-05-18,74.1
2021-05-19,60.6
2021-05-20,55.2
2021-05-21,58.9
2021-05-22,58.4
2021-05-23,60.4
2021-05-24,62.9
2021-05-25,69.2
2021-05-26,70.4
2021-05-27,81.6
2021-05-28,88.7
2021-05-29,86.1
2021-05-30,83.7
2021-05-31,90.0
2021-06-01,75.3
2021-06-02,81.8
2021-06-03,88.3
2021-06-04,91.3
2021-06-05,82.1
2021-06-06,85.7
2021-06-07,104.2
2021-06-08,113.7
2021-06-09,122.8
2021-06-10,128.6
2021-06-11,114.2
2021-06-12,110.2
2021-06-13,97.3
2021-06-14,110.2
2021-06-15,113.2
2021-06-16,107.7
2021-06-17,108.5
2021-06-18,109.0
2021-06-19,102.8
2021-06-20,97.3
2021-06-21,110.9
2021-06-22,117.3
2021-06-23,123.7
2021-06-24,125.6
2021-06-25,117.3
2021-06-26,112.2
2021-06-27,114.3
2021-06-28,128.9
2021-06-29,132.4
2021-06-30,135.9
2021-07-01,141.8
2021-07-02,141.0
2021-07-03,119.1
2021-07-04,114.1
2021-07-05,127.5
2021-07-06,134.7
2021-07-07,142.3
2021-07-08,141.9
2021-07-09,135.9
2021-07-10,135.0
2021-07-11,131.8
2021-07-12,129.8
2021-07-13,119.9
2021-07-14,108.3
2021-07-15,111.9
2021-07-16,125.9
2021-07-17,129.3
2021-07-18,120.6
2021-07-19,100.8
2021-07-20,98.2
2021-07-21,100.2
2021-07-22,110.7
2021-07-23,113.5
2021-07-24,113.4
2021-07-25,116.3
2021-07-26,123.7
2021-07-27,113.7
2021-07-28,102.4
2021-07-29,101.4
2021-07-30,101.9
2021-07-31,100.3
2021-08-01,96.4
2021-08-02,104.8
2021-08-03,107.4
2021-08-04,109.2
2021-08-05,115.0
2021-08-06,118.9
2021-08-07,112.1
2021-08-08,101.1
2021-08-09,105.3
2021-08-10,111.7
2021-08-11,116.6
2021-08-12,119.9
2021-08-13,122.0
2021-08-14,117.6
2021-08-15,107.2
2021-08-16,124.5
2021-08-17,133.9
2021-08-18,134.6
2021-08-19,135.0
2021-08-20,116.3
2021-08-21,101.4
2021-08-22,95.0
2021-08-23,110.5
2021-08-24,119.9
2021-08-25,118.8
2021-08-26,117.1
2021-08-27,117.9
2021-08-28,114.7
2021-08-29,109.2
2021-08-30,105.9
2021-08-31,104.6
2021-09-01,92.2
2021-09-02,95.9
2021-09-03,102.7
2021-09-04,97.9
2021-09-05,96.4
2021-09-06,111.9
2021-09-07,114.1
2021-09-08,109.1
2021-09-09,109.5
2021-09-10,107.7
2021-09-11,89.3
2021-09-12,85.2
2021-09-13,95.2
2021-09-14,97.1
2021-09-15,101.3
2021-09-16,97.5
2021-09-17,92.3
2021-09-18,91.2
2021-09-19,93.0
2021-09-20,106.5
2021-09-21,108.4
2021-09-22,100.3
2021-09-23,98.9
2021-09-24,97.6
2021-09-25,94.5
2021-09-26,90.2
2021-09-27,102.6
2021-09-28,107.5
2021-09-29,109.7
2021-09-30,110.6
2021-10-01,111.5
2021-10-02,97.9
2021-10-03,101.6
2021-10-04,111.0
2021-10-05,112.4
2021-10-06,111.0
2021-10-07,107.0
2021-10-08,103.8
2021-10-09,96.9
2021-10-10,94.2
2021-10-11,101.9
2021-10-12,101.5
2021-10-13,95.4
2021-10-14,89.0
2021-10-15,78.3
2021-10-16,84.5
2021-10-17,80.1
2021-10-18,75.4
2021-10-19,72.5
2021-10-20,75.0
2021-10-21,72.7
2021-10-22,74.2
2021-10-23,73.3
2021-10-24,68.5
2021-10-25,68.9
2021-10-26,68.2
2021-10-27,66.6
2021-10-28,65.0
2021-10-29,66.3
2021-10-30,61.3
2021-10-31,60.9
2021-11-01,65.4
2021-11-02,65.3
2021-11-03,63.0
2021-11-04,55.7
2021-11-05,51.8
2021-11-06,52.0
2021-11-07,54.8
2021-11-08,60.0
2021-11-09,62.7
2021-11-10,60.8
2021-11-11,61.4
2021-11-12,62.7
2021-11-13,58.8
2021-11-14,57.7
2021-11-15,60.9
2021-11-16,60.6
2021-11-17,63.5
2021-11-18,62.2
2021-11-19,61.8
2021-11-20,58.1
2021-11-21,59.0
2021-11-22,60.9
2021-11-23,61.9
2021-11-24,62.2
2021-11-25,62.3
2021-11-26,64.0
2021-11-27,60.4
2021-11-28,58.8
2021-11-29,61.7
2021-11-30,62.5
2021-12-01,63.1
2021-12-02,63.3
2021-12-03,64.2
2021-12-04,60.8
2021-12-05,58.9
2021-12-06,62.2
2021-12-07,63.8
2021-12-08,64.3
2021-12-09,64.4
2021-12-10,66.0
2021-12-11,63.3
2021-12-12,60.1
2021-12-13,64.9
2021-12-14,64.0
2021-12-15,66.3
2021-12-16,67.0
2021-12-17,69.3
2021-12-18,66.8
2021-12-19,63.9
2021-12-20,72.1
2021-12-21,72.4
2021-12-22,71.9
2021-12-23,72.0
2021-12-24,73.3
2021-12-25,68.0
2021-12-26,64.7
2021-12-27,67.5
2021-12-28,70.7
2021-12-29,70.1
2021-12-30,69.5
2021-12-31,74.0
2022-01-01,70.5
2022-01-02,66.3
2022-01-03,71.8
2022-01-04,70.0
2022-01-05,73.4
2022-01-06,71.2
2022-01-07,72.0
2022-01-08,58.0
2022-01-09,59.9
2022-01-10,72.4
2022-01-11,73.6
2022-01-12,73.1
2022-01-13,75.3
2022-01-14,79.5
2022-01-15,66.9
2022-01-16,66.4
2022-01-17,78.0
2022-01-18,79.8
2022-01-19,79.6
2022-01-20,77.7
2022-01-21,79.1
2022-01-22,67.6
2022-01-23,67.0
2022-01-24,78.1
2022-01-25,80.7
2022-01-26,69.2
2022-01-27,75.8
2022-01-28,78.4
2022-01-29,71.8
2022-01-30,68.6
2022-01-31,71.6
2022-02-01,73.5
2022-02-02,73.4
2022-02-03,76.1
2022-02-04,77.4
2022-02-05,72.7
2022-02-06,67.5
2022-02-07,69.2
2022-02-08,69.6
2022-02-09,69.0
2022-02-10,67.8
2022-02-11,69.3
2022-02-12,64.1
2022-02-13,61.5
2022-02-14,65.1
2022-02-15,65.4
2022-02-16,64.3
2022-02-17,64.3
2022-02-18,65.6
2022-02-19,61.0
2022-02-20,59.4
2022-02-21,61.4
2022-02-22,63.2
2022-02-23,65.1
2022-02-24,64.4
2022-02-25,65.5
2022-02-26,61.8
2022-02-27,59.0
2022-02-28,63.1
2022-03-01,61.0
2022-03-02,63.2
2022-03-03,64.9
2022-03-04,65.3
2022-03-05,60.4
2022-03-06,59.9
2022-03-07,63.9
2022-03-08,65.6
2022-03-09,63.3
2022-03-10,65.8
2022-03-11,67.0
2022-03-12,63.8
2022-03-13,62.4
2022-03-14,69.0
2022-03-15,73.1
2022-03-16,74.9
2022-03-17,73.6
2022-03-18,61.3
2022-03-19,70.0
2022-03-20,74.2
2022-03-21,83.8
2022-03-22,83.8
2022-03-23,83.6
2022-03-24,83.9
2022-03-25,85.0
2022-03-26,84.9
2022-03-27,77.4
2022-03-28,84.7
2022-03-29,89.1
2022-03-30,92.6
2022-03-31,94.9
2022-04-01,93.2
2022-04-02,89.7
2022-04-03,87.3
2022-04-04,94.5
2022-04-05,95.7
2022-04-06,97.9
2022-04-07,99.4
2022-04-08,101.9
2022-04-09,100.7
2022-04-10,98.5
2022-04-11,108.8
2022-04-12,110.0
2022-04-13,108.8
2022-04-14,105.5
2022-04-15,104.7
2022-04-16,103.3
2022-04-17,101.7
2022-04-18,112.6
2022-04-19,115.6
2022-04-20,116.0
2022-04-21,112.2
2022-04-22,98.4
2022-04-23,104.9
2022-04-24,101.7
2022-04-25,111.3
2022-04-26,113.9
2022-04-27,116.6
2022-04-28,121.2
2022-04-29,123.7
2022-04-30,121.5
2022-05-01,117.7
2022-05-02,125.4
2022-05-03,116.7
2022-05-04,118.5
2022-05-05,103.8
2022-05-06,113.3
2022-05-07,110.7
2022-05-08,110.0
2022-05-09,122.4
2022-05-10,125.9
2022-05-11,129.8
2022-05-12,136.2
2022-05-13,135.8
2022-05-14,130.7
2022-05-15,125.6
2022-05-16,130.8
2022-05-17,132.8
2022-05-18,136.0
2022-05-19,138.1
2022-05-20,133.7
2022-05-21,129.1
2022-05-22,115.1
2022-05-23,99.2
2022-05-24,91.1
2022-05-25,100.3
2022-05-26,105.6
2022-05-27,113.9
2022-05-28,118.4
2022-05-29,118.4
2022-05-30,120.6
2022-05-31,120.0
2022-06-01,123.5
2022-06-02,128.9
2022-06-03,130.5
2022-06-04,129.4
2022-06-05,125.8
2022-06-06,135.0
2022-06-07,138.3
2022-06-08,139.5
2022-06-09,142.4
2022-06-10,145.4
2022-06-11,139.6
2022-06-12,135.6
2022-06-13,150.3
2022-06-14,144.2
2022-06-15,145.3
2022-06-16,140.2
2022-06-17,125.5
2022-06-18,108.6
2022-06-19,98.6
2022-06-20,105.0
2022-06-21,107.7
2022-06-22,112.3
2022-06-23,115.5
2022-06-24,116.3
2022-06-25,116.8
2022-06-26,127.7
2022-06-27,145.4
2022-06-28,153.5
2022-06-29,152.8
2022-06-30,123.5
2022-07-01,112.8
2022-07-02,109.1
2022-07-03,112.4
2022-07-04,130.2
2022-07-05,140.6
2022-07-06,145.8
2022-07-07,149.1
2022-07-08,149.3
2022-07-09,137.1
2022-07-10,116.6
2022-07-11,130.4
2022-07-12,126.2
2022-07-13,128.4
2022-07-14,133.0
2022-07-15,129.4
2022-07-16,124.5
2022-07-17,113.9
2022-07-18,134.3
2022-07-19,140.9
2022-07-20,129.6
2022-07-21,118.7
2022-07-22,121.3
2022-07-23,110.2
2022-07-24,113.8
2022-07-25,119.9
2022-07-26,121.3
2022-07-27,123.6
2022-07-28,119.3
2022-07-29,114.4
2022-07-30,107.1
2022-07-31,98.4
2022-08-01,113.0
2022-08-02,121.3
2022-08-03,125.9
2022-08-04,122.9
2022-08-05,117.5
2022-08-06,115.2
2022-08-07,104.9
2022-08-08,114.4
2022-08-09,123.7
2022-08-10,131.4
2022-08-11,113.9
2022-08-12,119.9
2022-08-13,119.7
2022-08-14,112.6
2022-08-15,96.7
2022-08-16,109.3
2022-08-17,113.3
2022-08-18,119.9
2022-08-19,118.2
2022-08-20,119.4
2022-08-21,117.8
2022-08-22,128.2
2022-08-23,126.3
2022-08-24,122.6
2022-08-25,121.5
2022-08-26,125.9
2022-08-27,122.8
2022-08-28,116.5
2022-08-29,124.8
2022-08-30,124.6
2022-08-31,127.6
2022-09-01,132.8
2022-09-02,133.9
2022-09-03,128.5
2022-09-04,124.0
2022-09-05,131.8
2022-09-06,133.2
2022-09-07,134.1
2022-09-08,136.8
2022-09-09,139.0
2022-09-10,133.8
2022-09-11,125.2
2022-09-12,132.5
2022-09-13,127.5
2022-09-14,121.6
2022-09-15,112.5
2022-09-16,98.5
2022-09-17,98.0
2022-09-18,99.3
2022-09-19,111.5
2022-09-20,110.8
2022-09-21,106.8
2022-09-22,98.7
2022-09-23,92.3
2022-09-24,85.1
2022-09-25,83.1
2022-09-26,95.2
2022-09-27,99.1
2022-09-28,103.0
2022-09-29,104.2
2022-09-30,106.2
2022-10-01,103.3
2022-10-02,91.2
2022-10-03,100.9
2022-10-04,104.8
2022-10-05,96.2
2022-10-06,97.2
2022-10-07,91.5
2022-10-08,78.7
2022-10-09,68.4
2022-10-10,72.9
2022-10-11,76.8
2022-10-12,79.4
2022-10-13,78.2
2022-10-14,79.4
2022-10-15,74.6
2022-10-16,71.1
2022-10-17,79.0
2022-10-18,80.0
2022-10-19,80.8
2022-10-20,80.7
2022-10-21,81.6
2022-10-22,76.2
2022-10-23,67.7
2022-10-24,61.0
2022-10-25,59.7
2022-10-26,61.8
2022-10-27,68.0
2022-10-28,71.1
2022-10-29,68.8
2022-10-30,64.2
2022-10-31,69.2
2022-11-01,71.3
2022-11-02,72.3
2022-11-03,72.4
2022-11-04,73.5
2022-11-05,71.6
2022-11-06,68.7
2022-11-07,74.0
2022-11-08,69.7
2022-11-09,72.9
2022-11-10,73.3
2022-11-11,74.8
2022-11-12,65.0
2022-11-13,61.1
2022-11-14,67.2
2022-11-15,68.3
2022-11-16,67.2
2022-11-17,67.0
2022-11-18,66.7
2022-11-19,62.5
2022-11-20,60.6
2022-11-21,64.0
2022-11-22,66.0
2022-11-23,65.2
2022-11-24,65.7
2022-11-25,68.0
2022-11-26,63.1
2022-11-27,61.0
2022-11-28,65.0
2022-11-29,65.2
2022-11-30,66.5
2022-12-01,66.5
2022-12-02,67.2
2022-12-03,65.4
2022-12-04,59.8
2022-12-05,65.3
2022-12-06,67.1
2022-12-07,67.9
2022-12-08,67.4
2022-12-09,68.6
2022-12-10,64.5
2022-12-11,62.8
2022-12-12,65.8
2022-12-13,67.1
2022-12-14,69.7
2022-12-15,67.7
2022-12-16,71.2
2022-12-17,67.4
2022-12-18,66.5
2022-12-19,68.8
2022-12-20,70.4
2022-12-21,72.8
2022-12-22,73.7
2022-12-23,75.9
2022-12-24,73.3
2022-12-25,72.3
2022-12-26,78.8
2022-12-27,80.9
2022-12-28,80.3
2022-12-29,78.8
2022-12-30,79.0
2022-12-31,73.9
2023-01-01,73.7
2023-01-02,78.2
2023-01-03,81.4
2023-01-04,85.6
2023-01-05,85.6
2023-01-06,88.0
2023-01-07,84.6
2023-01-08,81.5
2023-01-09,88.7
2023-01-10,88.1
2023-01-11,89.0
2023-01-12,84.7
2023-01-13,83.2
2023-01-14,78.6
2023-01-15,78.9
2023-01-16,84.0
2023-01-17,84.7
2023-01-18,85.5
2023-01-19,82.5
2023-01-20,81.3
2023-01-21,75.9
2023-01-22,73.0
2023-01-23,74.6
2023-01-24,74.8
2023-01-25,76.1
2023-01-26,64.8
2023-01-27,75.5
2023-01-28,74.0
2023-01-29,70.9
2023-01-30,76.4
2023-01-31,77.1
2023-02-01,75.9
2023-02-02,74.8
2023-02-03,75.5
2023-02-04,69.7
2023-02-05,66.7
2023-02-06,67.4
2023-02-07,69.4
2023-02-08,70.0
2023-02-09,67.6
2023-02-10,68.6
2023-02-11,65.6
2023-02-12,64.3
2023-02-13,67.4
2023-02-14,66.9
2023-02-15,69.1
2023-02-16,67.9
2023-02-17,67.6
2023-02-18,64.3
2023-02-19,61.8
2023-02-20,66.4
2023-02-21,68.1
2023-02-22,67.9
2023-02-23,67.0
2023-02-24,68.8
2023-02-25,64.9
2023-02-26,63.1
2023-02-27,67.7
2023-02-28,68.8
2023-03-01,68.6
2023-03-02,69.3
2023-03-03,70.5
2023-03-04,66.7
2023-03-05,62.4
2023-03-06,68.2
2023-03-07,65.3
2023-03-08,51.2
2023-03-09,61.0
2023-03-10,69.9
2023-03-11,68.1
2023-03-12,65.5
2023-03-13,70.6
2023-03-14,75.8
2023-03-15,76.8
2023-03-16,77.4
2023-03-17,75.7
2023-03-18,68.9
2023-03-19,64.5
2023-03-20,67.8
2023-03-21,65.2
2023-03-22,69.1
2023-03-23,69.5
2023-03-24,70.7
2023-03-25,67.0
2023-03-26,65.4
2023-03-27,69.6
2023-03-28,67.5
2023-03-29,73.8
2023-03-30,70.2
2023-03-31,69.7
2023-04-01,66.3
2023-04-02,64.0
2023-04-03,70.1
2023-04-04,70.6
2023-04-05,73.6
2023-04-06,74.1
2023-04-07,74.0
2023-04-08,71.8
2023-04-09,70.7
2023-04-10,77.5
2023-04-11,80.1
2023-04-12,85.4
2023-04-13,88.3
2023-04-14,88.7
2023-04-15,91.4
2023-04-16,90.7
2023-04-17,101.1
2023-04-18,109.1
2023-04-19,107.1
2023-04-20,103.9
2023-04-21,98.8
2023-04-22,89.3
2023-04-23,81.1
2023-04-24,86.2
2023-04-25,87.7
2023-04-26,92.4
2023-04-27,94.1
2023-04-28,93.8
2023-04-29,89.3
2023-04-30,81.6
2023-05-01,76.62
2023-05-02,74.51
2023-05-03,74.7
2023-05-04,74.09
2023-05-05,79.04
2023-05-06,81.28
2023-05-07,82.06
2023-05-08,91.74
2023-05-09,93.86
2023-05-10,95.18
2023-05-11,99.77
2023-05-12,103.93
2023-05-13,104.42
2023-05-14,106.9
2023-05-15,115.41
2023-05-16,117.67
2023-05-17,118.62
2023-05-18,110.83
2023-05-19,111.87
2023-05-20,110.89
2023-05-21,110.21
2023-05-22,129.88
2023-05-23,134.95
2023-05-24,119.05
2023-05-25,111.5
2023-05-26,103.75
2023-05-27,97.43
2023-05-28,97.98
2023-05-29,98.96
2023-05-30,97.73
2023-05-31,92.42
2023-06-01,88.58
2023-06-02,93.95
2023-06-03,98.02
2023-06-04,97.55
2023-06-05,110.03
2023-06-06,113.67
2023-06-07,116.14
2023-06-08,121.19
2023-06-09,126.42
2023-06-10,126.16
2023-06-11,119.12
2023-06-12,135.19
2023-06-13,143.6
2023-06-14,142.63
2023-06-15,138.52
2023-06-16,136.84
2023-06-17,132.14
2023-06-18,126.72
2023-06-19,125.21
2023-06-20,128.72
2023-06-21,132.43
2023-06-22,137.26
2023-06-23,143.25
2023-06-24,136.41
2023-06-25,106.69
2023-06-26,114.06
2023-06-27,119.61
2023-06-28,122.48
2023-06-29,115.55
2023-06-30,118.17
2023-07-01,117.05
2023-07-02,116.82
2023-07-03,136.9
2023-07-04,139.46
2023-07-05,134.41
2023-07-06,123.45
2023-07-07,124.96
2023-07-08,111.34
2023-07-09,101.38
2023-07-10,107.87
2023-07-11,110.17
2023-07-12,119.59
2023-07-13,123.93
2023-07-14,123.39
2023-07-15,120.52
2023-07-16,113.81
2023-07-17,127.18
2023-07-18,127.31
2023-07-19,130.16
2023-07-20,140.59
2023-07-21,149.44
2023-07-22,142.83
2023-07-23,136.16
2023-07-24,146.35
2023-07-25,147.34
2023-07-26,127.97
2023-07-27,128.4
2023-07-28,125.03
2023-07-29,112.73
2023-07-30,113.35
2023-07-31,131.55
2023-08-01,136.02
2023-08-02,139.33
2023-08-03,137.69
2023-08-04,133.9
2023-08-05,127.11
2023-08-06,123.92
2023-08-07,128.76
2023-08-08,129.53
2023-08-09,129.35
2023-08-10,132.03
2023-08-11,134.81
2023-08-12,129.26
2023-08-13,122.79
2023-08-14,128.94
2023-08-15,112.71
2023-08-16,134.38
2023-08-17,139.1
2023-08-18,144.27
2023-08-19,138.9
2023-08-20,132.77
2023-08-21,147.75
2023-08-22,147.93
2023-08-23,129.66
2023-08-24,122.63
2023-08-25,125.46
2023-08-26,123.34
2023-08-27,119.08
2023-08-28,128.39
2023-08-29,132.76
2023-08-30,130.68
2023-08-31,132.28
2023-09-01,138.06
2023-09-02,135.07
2023-09-03,128.63
2023-09-04,135.8
2023-09-05,141.3
2023-09-06,138.59
2023-09-07,130.1
2023-09-08,126.98
2023-09-09,113.1
2023-09-10,96.64
2023-09-11,107.09
2023-09-12,116.25
2023-09-13,126.91
2023-09-14,137.68
2023-09-15,131.3
2023-09-16,121.07
2023-09-17,108.24
2023-09-18,114.77
2023-09-19,124.51
2023-09-20,130.87
2023-09-21,135.88
2023-09-22,135.99
2023-09-23,124.86
2023-09-24,111.58
2023-09-25,118.07
2023-09-26,122.35
2023-09-27,120.48
2023-09-28,112.85
2023-09-29,114.67
2023-09-30,111.61
2023-10-01,102.93
2023-10-02,89.52
2023-10-03,98.31
2023-10-04,101.39
2023-10-05,100.94
2023-10-06,102.57
2023-10-07,103.76
2023-10-08,105.0
2023-10-09,114.56
2023-10-10,115.18
2023-10-11,108.74
2023-10-12,101.72
2023-10-13,104.42
2023-10-14,102.81
2023-10-15,96.09
2023-10-16,94.95
2023-10-17,81.73
2023-10-18,80.7
2023-10-19,79.74
2023-10-20,79.72
2023-10-21,76.38
2023-10-22,72.96
2023-10-23,76.9
2023-10-24,69.86
2023-10-25,77.64
2023-10-26,79.22
2023-10-27,79.38
2023-10-28,73.93
2023-10-29,73.58
2023-10-30,79.7
2023-10-31,80.9
2023-11-01,81.54
2023-11-02,80.86
2023-11-03,81.42
2023-11-04,76.16
2023-11-05,72.45
2023-11-06,77.34
2023-11-07,77.85
2023-11-08,77.9
2023-11-09,77.7
2023-11-10,75.82
2023-11-11,68.59
2023-11-12,59.55
2023-11-13,55.9
2023-11-14,60.26
2023-11-15,63.73
2023-11-16,66.39
2023-11-17,68.69
2023-11-18,66.06
2023-11-19,62.77
2023-11-20,66.28
2023-11-21,69.74
2023-11-22,71.12
2023-11-23,71.57
2023-11-24,70.77
2023-11-25,68.84
2023-11-26,67.17
2023-11-27,68.37
2023-11-28,69.77
2023-11-29,70.0
2023-11-30,69.51
2023-12-01,71.04
2023-12-02,66.5
2023-12-03,66.86
2023-12-04,69.43
2023-12-05,69.97
2023-12-06,69.52
2023-12-07,68.58
2023-12-08,71.19
2023-12-09,67.05
2023-12-10,64.94
2023-12-11,71.26
2023-12-12,70.66
2023-12-13,70.29
2023-12-14,68.3
2023-12-15,70.66
2023-12-16,70.46
2023-12-17,68.74
2023-12-18,71.22
2023-12-19,73.11
2023-12-20,74.64
2023-12-21,74.14
2023-12-22,75.87
2023-12-23,71.73
2023-12-24,68.91
2023-12-25,71.09
2023-12-26,73.84
2023-12-27,76.66
2023-12-28,76.47
2023-12-29,80.03
2023-12-30,75.18
2023-12-31,73.04
2024-01-01,79.62
2024-01-02,80.11
2024-01-03,84.93
2024-01-04,87.64
2024-01-05,90.37
2024-01-06,85.53
2024-01-07,81.66
2024-01-08,88.38
2024-01-09,91.26
2024-01-10,92.88
2024-01-11,92.74
2024-01-12,95.37
2024-01-13,87.32
2024-01-14,85.81
2024-01-15,90.12
2024-01-16,91.93
2024-01-17,93.01
2024-01-18,91.91
2024-01-19,96.98
2024-01-20,90.68
2024-01-21,87.46
2024-01-22,90.63
2024-01-23,91.36
2024-01-24,91.97
2024-01-25,92.04
2024-01-26,78.69
2024-01-27,79.44
2024-01-28,81.53
2024-01-29,85.4
2024-01-30,86.79
2024-01-31,88.7
2024-02-01,84.65
2024-02-02,87.28
2024-02-03,80.67
2024-02-04,75.68
2024-02-05,79.61
2024-02-06,79.53
2024-02-07,82.28
2024-02-08,80.91
2024-02-09,79.9
2024-02-10,74.81
2024-02-11,71.91
2024-02-12,75.39
2024-02-13,76.61
2024-02-14,76.39
2024-02-15,74.1
2024-02-16,74.86
2024-02-17,68.56
2024-02-18,66.96
2024-02-19,70.47
2024-02-20,71.36
2024-02-21,73.25
2024-02-22,72.42
2024-02-23,74.28
2024-02-24,70.2
2024-02-25,67.89
2024-02-26,71.0
2024-02-27,71.47
2024-02-28,71.51
2024-02-29,72.01
2024-03-01,72.96
2024-03-02,68.09
2024-03-03,66.69
2024-03-04,63.02
2024-03-05,69.75
2024-03-06,71.22
2024-03-07,68.43
2024-03-08,70.61
2024-03-09,65.98
2024-03-10,64.33
2024-03-11,69.28
2024-03-12,69.67
2024-03-13,70.75
2024-03-14,70.67
2024-03-15,71.31
2024-03-16,67.6
2024-03-17,65.07
2024-03-18,69.49
2024-03-19,71.87
2024-03-20,74.78
2024-03-21,72.89
2024-03-22,76.24
2024-03-23,72.63
2024-03-24,66.28
2024-03-25,55.65
2024-03-26,67.88
2024-03-27,77.49
2024-03-28,82.21
2024-03-29,84.29
2024-03-30,84.82
2024-03-31,82.28
2024-04-01,83.22
2024-04-02,82.51
2024-04-03,85.44
2024-04-04,88.97
2024-04-05,90.1
2024-04-06,86.72
2024-04-07,82.05
2024-04-08,88.58
2024-04-09,91.33
2024-04-10,92.22
2024-04-11,91.08
2024-04-12,96.78
2024-04-13,90.84
2024-04-14,83.49
2024-04-15,92.02
2024-04-16,94.02
2024-04-17,90.14
2024-04-18,97.18
2024-04-19,104.25
2024-04-20,100.47
2024-04-21,94.24
2024-04-22,101.89
2024-04-23,101.67
2024-04-24,99.51
2024-04-25,105.1
2024-04-26,108.82
2024-04-27,106.08
2024-04-28,100.13
2024-04-29,108.41
2024-04-30,105.54
2024-05-01,98.51
2024-05-02,98.81
2024-05-03,102.8
2024-05-04,105.68
2024-05-05,106.75
2024-05-06,119.64
2024-05-07,126.86
2024-05-08,128.64
2024-05-09,127.33
2024-05-10,127.36
2024-05-11,115.66
2024-05-12,119.5
2024-05-13,129.87
2024-05-14,127.66
2024-05-15,129.31
2024-05-16,134.83
2024-05-17,139.73
2024-05-18,141.56
2024-05-19,138.5
2024-05-20,152.42
2024-05-21,158.39
2024-05-22,160.84
2024-05-23,157.68
2024-05-24,157.7
2024-05-25,144.11
2024-05-26,145.81
2024-05-27,161.06
2024-05-28,161.73
2024-05-29,163.42
2024-05-30,162.74
2024-05-31,163.81
2024-06-01,154.24
2024-06-02,144.63
2024-06-03,155.34
2024-06-04,156.18
2024-06-05,158.98
2024-06-06,146.8
2024-06-07,147.42
2024-06-08,142.97
2024-06-09,136.66
2024-06-10,150.43
2024-06-11,154.09
2024-06-12,157.34
2024-06-13,163.54
2024-06-14,164.83
2024-06-15,157.95
2024-06-16,154.75
2024-06-17,163.92
2024-06-18,177.67
2024-06-19,176.19
2024-06-20,159.25
2024-06-21,150.27
2024-06-22,142.5
2024-06-23,142.12
2024-06-24,152.98
2024-06-25,154.54
2024-06-26,156.14
2024-06-27,143.56
2024-06-28,127.61
2024-06-29,129.27
2024-06-30,131.77
2024-07-01,142.41
2024-07-02,149.0
2024-07-03,138.06
2024-07-04,127.7
2024-07-05,127.36
2024-07-06,123.84
2024-07-07,115.0
2024-07-08,119.64
2024-07-09,125.67
2024-07-10,132.46
2024-07-11,144.86
2024-07-12,140.48
2024-07-13,131.06
2024-07-14,131.43
2024-07-15,142.08
2024-07-16,150.38
2024-07-17,151.72
2024-07-18,149.26
2024-07-19,149.09
2024-07-20,144.74
2024-07-21,145.81
2024-07-22,148.23
2024-07-23,147.23
2024-07-24,142.36
2024-07-25,144.25
2024-07-26,145.31
2024-07-27,143.58
2024-07-28,141.9
2024-07-29,155.09
2024-07-30,163.09
2024-07-31,157.19
2024-08-01,134.72
2024-08-02,137.9
2024-08-03,132.57
2024-08-04,126.25
2024-08-05,132.19
2024-08-06,134.79
2024-08-07,131.22
2024-08-08,128.28
2024-08-09,130.6
2024-08-10,124.63
2024-08-11,114.22
2024-08-12,118.82
2024-08-13,121.93
2024-08-14,128.14
2024-08-15,112.98
2024-08-16,129.73
2024-08-17,132.62
2024-08-18,130.44
2024-08-19,129.02
2024-08-20,126.33
2024-08-21,129.71
2024-08-22,138.65
2024-08-23,129.73
2024-08-24,127.08
2024-08-25,121.86
2024-08-26,124.39
2024-08-27,127.19
2024-08-28,125.58
2024-08-29,118.84
2024-08-30,124.91
2024-08-31,128.6
2024-09-01,129.13
2024-09-02,133.39
2024-09-03,134.99
2024-09-04,121.33
2024-09-05,118.14
2024-09-06,121.69
2024-09-07,114.68
2024-09-08,110.23
2024-09-09,120.94
2024-09-10,123.52
2024-09-11,121.33
2024-09-12,112.48
2024-09-13,99.0
2024-09-14,96.87
2024-09-15,99.61
2024-09-16,107.08
2024-09-17,114.15
2024-09-18,107.82
2024-09-19,102.99
2024-09-20,111.17
2024-09-21,115.08
2024-09-22,117.79
2024-09-23,131.33
2024-09-24,139.0
2024-09-25,139.99
2024-09-26,133.62
2024-09-27,129.55
2024-09-28,116.87
2024-09-29,113.39
2024-09-30,124.97
2024-10-01,126.5
2024-10-02,115.46
2024-10-03,126.61
2024-10-04,128.31
2024-10-05,125.29
2024-10-06,117.34
2024-10-07,120.79
2024-10-08,119.1
2024-10-09,115.57
2024-10-10,112.57
2024-10-11,106.44
2024-10-12,91.56
2024-10-13,90.96
2024-10-14,98.77
2024-10-15,97.14
2024-10-16,97.94
2024-10-17,100.84
2024-10-18,101.1
2024-10-19,98.74
2024-10-20,98.02
2024-10-21,104.67
2024-10-22,103.93
2024-10-23,100.2
2024-10-24,99.73
2024-10-25,96.7
2024-10-26,91.36
2024-10-27,88.55
2024-10-28,96.14
2024-10-29,99.11
2024-10-30,97.5
2024-10-31,83.06
2024-11-01,76.77
2024-11-02,72.76
2024-11-03,72.61
2024-11-04,79.13
2024-11-05,81.73
2024-11-06,82.45
2024-11-07,81.04
2024-11-08,82.82
2024-11-09,80.96
2024-11-10,78.42
2024-11-11,82.64
2024-11-12,82.4
2024-11-13,79.54
2024-11-14,77.85
2024-11-15,75.66
2024-11-16,71.8
2024-11-17,68.9
2024-11-18,71.37
2024-11-19,71.02
2024-11-20,73.0
2024-11-21,71.33
2024-11-22,71.66
2024-11-23,67.52
2024-11-24,65.31
2024-11-25,69.74
2024-11-26,69.89
2024-11-27,70.69
2024-11-28,71.52
2024-11-29,72.12
2024-11-30,69.98
2024-12-01,67.14
2024-12-02,70.34
2024-12-03,71.5
2024-12-04,72.83
2024-12-05,72.08
2024-12-06,73.09
2024-12-07,68.84
2024-12-08,67.39
2024-12-09,71.28
2024-12-10,75.03
2024-12-11,75.98
2024-12-12,74.79
2024-12-13,76.67
2024-12-14,73.62
2024-12-15,71.7
2024-12-16,76.78
2024-12-17,78.19
2024-12-18,81.57
2024-12-19,80.93
2024-12-20,83.1
2024-12-21,77.04
2024-12-22,72.9
2024-12-23,79.69
2024-12-24,80.97
2024-12-25,78.32
2024-12-26,79.31
2024-12-27,80.09
2024-12-28,78.58
2024-12-29,78.94
2024-12-30,83.39
2024-12-31,85.18
2025-01-01,87.43
2025-01-02,86.74
2025-01-03,89.69
2025-01-04,84.23
2025-01-05,81.57
2025-01-06,87.72
2025-01-07,90.39
2025-01-08,88.39
2025-01-09,86.69
2025-01-10,90.35
2025-01-11,86.3
2025-01-12,83.27
2025-01-13,88.17
2025-01-14,88.27
2025-01-15,88.18
2025-01-16,88.28
2025-01-17,91.3
2025-01-18,84.19
2025-01-19,78.68
2025-01-20,80.58
2025-01-21,80.37
2025-01-22,80.4
2025-01-23,77.41
2025-01-24,80.33
2025-01-25,76.24
2025-01-26,66.5
2025-01-27,76.27
2025-01-28,79.57
2025-01-29,79.67
2025-01-30,77.83
2025-01-31,79.17
2025-02-01,73.8
2025-02-02,72.7
2025-02-03,75.7
2025-02-04,77.35
2025-02-05,67.92
2025-02-06,74.52
2025-02-07,78.72
2025-02-08,73.58
2025-02-09,70.37
2025-02-10,73.86
2025-02-11,73.66
2025-02-12,74.38
2025-02-13,74.59
2025-02-14,75.18
2025-02-15,67.85
2025-02-16,68.7
2025-02-17,71.95
2025-02-18,72.93
2025-02-19,73.43
2025-02-20,73.07
2025-02-21,75.08
2025-02-22,70.07
2025-02-23,68.12
2025-02-24,72.04
2025-02-25,72.77
2025-02-26,71.74
2025-02-27,72.05
2025-02-28,75.35
2025-03-01,71.44
2025-03-02,67.91
2025-03-03,72.01
2025-03-04,73.17
2025-03-05,73.0
2025-03-06,72.05
2025-03-07,74.0
2025-03-08,69.8
2025-03-09,68.9
2025-03-10,72.24
2025-03-11,76.41
2025-03-12,77.41
2025-03-13,74.64
2025-03-14,60.21
2025-03-15,64.99
2025-03-16,68.24
2025-03-17,74.58
2025-03-18,75.27
2025-03-19,77.58
2025-03-20,78.9
2025-03-21,79.77
2025-03-22,76.69
2025-03-23,73.72
2025-03-24,80.33
2025-03-25,82.15
2025-03-26,86.18
2025-03-27,89.83
2025-03-28,86.48
2025-03-29,75.19
2025-03-30,72.35
2025-03-31,75.38
2025-04-01,78.86
2025-04-02,81.37
2025-04-03,85.06
2025-04-04,88.22
2025-04-05,85.69
2025-04-06,83.71
2025-04-07,96.28
2025-04-08,102.65
2025-04-09,111.24
2025-04-10,108.21
2025-04-11,100.17
2025-04-12,88.92
2025-04-13,88.92
2025-04-14,98.12
2025-04-15,105.94
2025-04-16,110.67
2025-04-17,114.98
2025-04-18,114.23
2025-04-19,111.26
2025-04-20,109.93
2025-04-21,118.54
2025-04-22,113.93
2025-04-23,112.56
2025-04-24,114.75
2025-04-25,117.12
2025-04-26,114.04
2025-04-27,112.86
2025-04-28,122.25
2025-04-29,119.45
2025-04-30,121.44
2025-05-01,123.25
2025-05-02,103.22
2025-05-03,99.66
2025-05-04,100.59
2025-05-05,103.05
2025-05-06,105.05
2025-05-07,110.08
2025-05-08,112.99
2025-05-09,118.4
2025-05-10,114.33
2025-05-11,103.63
2025-05-12,116.02
2025-05-13,121.34
2025-05-14,122.97
2025-05-15,127.94
2025-05-16,132.86
2025-05-17,126.78
2025-05-18,126.43
2025-05-19,146.36
2025-05-20,151.45
2025-05-21,148.29
2025-05-22,127.41
2025-05-23,134.81
2025-05-24,136.04
2025-05-25,108.86
2025-05-26,121.67
2025-05-27,130.39
2025-05-28,142.33
2025-05-29,142.16
2025-05-30,129.75
2025-05-31,126.23
2025-06-01,113.77
2025-06-02,118.98
2025-06-03,116.4
2025-06-04,116.31
2025-06-05,116.26
2025-06-06,125.76
2025-06-07,128.87
2025-06-08,133.3
2025-06-09,148.43
2025-06-10,150.72
2025-06-11,159.02
2025-06-12,174.03
2025-06-13,172.89
2025-06-14,164.54
2025-06-15,144.48
2025-06-16,149.14
2025-06-17,141.12
2025-06-18,133.97
2025-06-19,140.22
2025-06-20,140.16
2025-06-21,140.88
2025-06-22,139.43
2025-06-23,148.59
2025-06-24,148.04
2025-06-25,149.82
2025-06-26,151.87
2025-06-27,156.67
2025-06-28,148.05
2025-06-29,127.98
2025-06-30,126.38
2025-07-01,129.78
2025-07-02,142.61
2025-07-03,149.74
2025-07-04,150.59
2025-07-05,145.64
2025-07-06,140.67
2025-07-07,136.35
2025-07-08,148.07
2025-07-09,139.09
2025-07-10,124.84
2025-07-11,129.76
2025-07-12,127.88
2025-07-13,120.63
2025-07-14,125.43
2025-07-15,126.34
2025-07-16,132.87
2025-07-17,130.88
2025-07-18,128.49
2025-07-19,125.34
2025-07-20,127.36
2025-07-21,133.66
2025-07-22,132.06
2025-07-23,128.25
2025-07-24,137.06
2025-07-25,150.47
2025-07-26,145.36
2025-07-27,143.25
2025-07-28,152.67
2025-07-29,140.06
2025-07-30,135.02
2025-07-31,127.91
2025-08-01,127.82
2025-08-02,127.51
2025-08-03,124.02
2025-08-04,134.11
2025-08-05,130.11
2025-08-06,134.86
2025-08-07,141.07
2025-08-08,142.7
2025-08-09,112.59
2025-08-10,114.77
2025-08-11,131.91
2025-08-12,131.87
2025-08-13,137.35
2025-08-14,128.27
2025-08-15,106.03
2025-08-16,116.52
2025-08-17,120.71
2025-08-18,131.12
2025-08-19,134.33
2025-08-20,137.71
2025-08-21,142.57
2025-08-22,142.05
2025-08-23,132.56
2025-08-24,120.61
2025-08-25,123.36
2025-08-26,122.04
2025-08-27,122.64
2025-08-28,130.51
2025-08-29,129.88
2025-08-30,125.88
2025-08-31,117.06
2025-09-01,111.8
2025-09-02,108.89
2025-09-03,109.52
2025-09-04,114.42
2025-09-05,114.79
2025-09-06,118.25
2025-09-07,114.97
2025-09-08,124.94
2025-09-09,132.64
2025-09-10,135.49
2025-09-11,132.34
2025-09-12,132.25
2025-09-13,130.78
2025-09-14,129.92
2025-09-15,138.74
2025-09-16,141.59
2025-09-17,142.34
2025-09-18,139.31
2025-09-19,142.14
2025-09-20,138.37
2025-09-21,130.15
2025-09-22,138.23
2025-09-23,135.03
2025-09-24,133.86
2025-09-25,134.89
2025-09-26,137.18
2025-09-27,137.85
2025-09-28,138.16
2025-09-29,147.13
2025-09-30,133.71
2025-10-01,123.38
2025-10-02,107.76
2025-10-03,119.2
2025-10-04,121.14
2025-10-05,115.04
2025-10-06,107.45
2025-10-07,94.28
2025-10-08,89.55
2025-10-09,88.77
2025-10-10,87.8
2025-10-11,85.58
2025-10-12,82.59
2025-10-13,90.46
2025-10-14,91.63
2025-10-15,91.11
2025-10-16,91.59
2025-10-17,93.52
2025-10-18,92.08
2025-10-19,86.18
2025-10-20,80.15
2025-10-21,81.57
2025-10-22,81.86
2025-10-23,82.33
2025-10-24,85.78
2025-10-25,82.82
2025-10-26,78.3
2025-10-27,81.48
2025-10-28,80.73
2025-10-29,82.82
2025-10-30,84.52
2025-10-31,87.22
2025-11-01,82.9
2025-11-02,77.06
2025-11-03,80.04
2025-11-04,81.54
2025-11-05,81.5
2025-11-06,78.31
2025-11-07,77.13
2025-11-08,72.06
2025-11-09,68.99
2025-11-10,73.48
2025-11-11,73.69
2025-11-12,75.08
2025-11-13,74.74
2025-11-14,76.58
2025-11-15,72.33
2025-11-16,68.85
2025-11-17,73.85
2025-11-18,75.93
2025-11-19,76.36
2025-11-20,75.89
2025-11-21,77.5
2025-11-22,72.98
2025-11-23,70.93
2025-11-24,74.26
2025-11-25,75.15
2025-11-26,76.58
2025-11-27,76.39
2025-11-28,77.25
2025-11-29,74.84
2025-11-30,71.08
2025-12-01,75.61
2025-12-02,76.21
2025-12-03,78.92
2025-12-04,79.41
2025-12-05,79.19
2025-12-06,74.98
2025-12-07,73.33
2025-12-08,76.99
2025-12-09,78.91
2025-12-10,81.26
2025-12-11,79.02
2025-12-12,81.65
2025-12-13,75.11
2025-12-14,75.08
2025-12-15,79.83
2025-12-16,80.19
2025-12-17,81.38
2025-12-18,82.53
2025-12-19,86.32
2025-12-20,83.99
2025-12-21,80.73
2025-12-22,85.89
2025-12-23,84.86
2025-12-24,84.44
2025-12-25,81.4
2025-12-26,84.75
2025-12-27,80.06
2025-12-28,78.74
2025-12-29,85.38
2025-12-30,87.54
2025-12-31,91.76
2026-01-01,89.53
2026-01-02,89.74
2026-01-03,84.09
2026-01-04,84.29
2026-01-05,90.66
2026-01-06,96.26
2026-01-07,95.58
2026-01-08,95.92
2026-01-09,98.38
2026-01-10,91.14
2026-01-11,90.36
2026-01-12,95.93
2026-01-13,96.5
2026-01-14,98.25
2026-01-15,97.64
2026-01-16,99.34
2026-01-17,91.81
2026-01-18,87.47
2026-01-19,89.52
2026-01-20,87.61
2026-01-21,87.22
2026-01-22,84.75
2026-01-23,88.24
2026-01-24,85.69
2026-01-25,84.16
2026-01-26,76.09
2026-01-27,89.0
2026-01-28,93.04
2026-01-29,92.56
2026-01-30,91.88
2026-01-31,86.09
2026-02-01,82.1
2026-02-02,89.08
2026-02-03,89.17
2026-02-04,86.57
2026-02-05,85.08
2026-02-06,86.53
2026-02-07,81.4
2026-02-08,76.38
2026-02-09,80.77
2026-02-10,80.24
2026-02-11,79.88
2026-02-12,78.34
2026-02-13,80.37
2026-02-14,75.15
2026-02-15,72.55
2026-02-16,75.81
2026-02-17,77.06
2026-02-18,79.81
2026-02-19,77.54
2026-02-20,78.68
2026-02-21,74.88
2026-02-22,71.37
2026-02-23,75.42
2026-02-24,77.12
2026-02-25,77.91
2026-02-26,76.9
2026-02-27,78.68
2026-02-28,75.38
2026-03-01,72.57
2026-03-02,77.26
2026-03-03,74.56
2026-03-04,60.31
2026-03-05,70.69
2026-03-06,82.02
2026-03-07,83.3
2026-03-08,80.71
2026-03-09,88.34
2026-03-10,91.77
2026-03-11,92.71
2026-03-12,92.76
2026-03-13,93.44
2026-03-14,84.22
2026-03-15,80.26
2026-03-16,83.81
2026-03-17,84.81
2026-03-18,85.84
2026-03-19,89.91
2026-03-20,76.57
2026-03-21,75.02
2026-03-22,71.78
2026-03-23,80.37
2026-03-24,81.2
2026-03-25,83.73
2026-03-26,84.69
2026-03-27,88.14
2026-03-28,87.27
2026-03-29,86.51
2026-03-30,93.03
2026-03-31,84.39
2026-04-01,88.94
2026-04-02,93.57
2026-04-03,93.41
2026-04-04,88.37
2026-04-05,85.46
2026-04-06,90.61
2026-04-07,88.88
2026-04-08,84.09
2026-04-09,84.9
2026-04-10,86.7
2026-04-11,86.05
2026-04-12,80.77
2026-04-13,89.7
2026-04-14,92.33
2026-04-15,101.2
2026-04-16,107.56
2026-04-17,109.3
2026-04-18,105.74
2026-04-19,105.42
2026-04-20,114.15
2026-04-21,116.3
2026-04-22,121.37
2026-04-23,127.19
2026-04-24,132.21
2026-04-25,134.02
2026-04-26,132.52
2026-04-27,140.57
2026-04-28,142.75
2026-04-29,133.87
2026-04-30,127.41
2026-05-01,115.52
2026-05-02,124.08
2026-05-03,116.22
2026-05-04,109.3
2026-05-05,106.85
2026-05-06,107.95
2026-05-07,107.97
2026-05-08,108.45
2026-05-09,112.57
2026-05-10,112.47
2026-05-11,126.27
2026-05-12,134.46
2026-05-13,132.56
2026-05-14,133.13
2026-05-15,136.49
2026-05-16,135.55
2026-05-17,136.38
2026-05-18,150.57
2026-05-19,155.71
2026-05-20,162.16
2026-05-21,165.11
2026-05-22,164.13
2026-05-23,157.35
2026-05-24,151.53
2026-05-25,167.88
2026-05-26,164.49
2026-05-27,163.27
2026-05-28,160.42
2026-05-29,142.1
2026-05-30,124.17
2026-05-31,114.49
2026-06-01,126.05
2026-06-02,135.13
2026-06-03,144.6
2026-06-04,142.57
2026-06-05,131.27
2026-06-06,137.25
2026-06-07,133.95
2026-06-08,150.12
2026-06-09,157.25
2026-06-10,163.57
2026-06-11,160.55
2026-06-12,138.74
2026-06-13,124.9
2026-06-14,129.56
2026-06-15,132.82
2026-06-16,125.48
2026-06-17,127.67
2026-06-18,143.25
2026-06-19,145.0
2026-06-20,148.24
2026-06-21,140.07
2026-06-22,141.92
2026-06-23,144.58
2026-06-24,146.0
2026-06-25,150.5
2026-06-26,151.01
2026-06-27,159.53
2026-06-28,160.44
2026-06-29,173.38
2026-06-30,175.83
2026-07-01,162.21
2026-07-02,146.27
2026-07-03,153.72
2026-07-04,154.45
2026-07-05,141.71
2026-07-06,154.83
2026-07-07,151.08
2026-07-08,132.82
2026-07-09,121.77
2026-07-10,129.93
2026-07-11,134.73
2026-07-12,141.55
2026-07-13,155.51
2026-07-14,157.52
2026-07-15,161.14
2026-07-16,169.41
2026-07-17,169.52
2026-07-18,165.56
2026-07-19,160.64
2026-07-20,158.63
2026-07-21,140.98
2026-07-22,141.21
2026-07-23,143.18
2026-07-24,143.99
2026-07-25,143.02
2026-07-26,142.31
2026-07-27,157.73
2026-07-28,141.0
2026-07-29,141.28
2026-07-30,151.17
2026-07-31,148.21
2026-08-01,146.53
2026-08-02,141.88
2026-08-03,153.95
2026-08-04,146.92
2026-08-05,144.57
2026-08-06,132.42
2026-08-07,123.06
2026-08-08,121.4
2026-08-09,127.94
2026-08-10,141.49
2026-08-11,138.07
2026-08-12,145.78
2026-08-13,150.86
2026-08-14,142.05
2026-08-15,122.88
2026-08-16,133.12
2026-08-17,147.2
2026-08-18,145.63
2026-08-19,149.95
2026-08-20,152.64
2026-08-21,156.74
2026-08-22,149.89
2026-08-23,139.85
2026-08-24,141.68
2026-08-25,135.72
2026-08-26,138.81
2026-08-27,143.08
2026-08-28,132.72
2026-08-29,138.49
2026-08-30,137.31
2026-08-31,144.56
2026-09-01,146.67
2026-09-02,143.53
2026-09-03,142.41
2026-09-04,132.87
2026-09-05,121.55
2026-09-06,109.63
2026-09-07,122.6
2026-09-08,132.11
2026-09-09,139.11
2026-09-10,143.97
2026-09-11,140.11
2026-09-12,134.11
2026-09-13,131.56
2026-09-14,142.21
2026-09-15,145.95
2026-09-16,149.03
2026-09-17,143.6
2026-09-18,137.95
2026-09-19,136.26
2026-09-20,130.39
2026-09-21,139.77
2026-09-22,142.75
2026-09-23,145.17
2026-09-24,145.1
2026-09-25,136.57
2026-09-26,113.41
2026-09-27,97.45
2026-09-28,103.02
2026-09-29,102.76
2026-09-30,110.45
2026-10-01,115.94
2026-10-02,104.82
2026-10-03,116.29
2026-10-04,116.23
2026-10-05,128.32
2026-10-06,133.33
